record_id,organism_code,municipality,area,period,account_code,account_class,account_name_as_published,opening_debit_clp,opening_credit_clp,period_debits_clp,period_credits_clp,ending_debit_clp,ending_credit_clp,currency,source_page,source_file,extraction_method,verification_status
MU124-municipal-2026-07-115-03-00-000-000-000,MU124,Municipalidad de La Pintana,municipal,2026-07,115-03-00-000-000-000,1,C X C TRIBUTOS SOBRE EL USO DE BIENES Y LA REALIZACIÓN DE AC,0,37231900,1481501404,1261548481,182721023,0,CLP,1,01_balance_comprobacion_saldos_agregado_julio_2026_area_municipal.pdf,pdftotext_layout_regex,estructura_y_totales_reconciliados
MU124-municipal-2026-07-115-06-00-000-000-000,MU124,Municipalidad de La Pintana,municipal,2026-07,115-06-00-000-000-000,1,C X C RENTAS DE LA PROPIEDAD,0,0,59793381,59793381,0,0,CLP,1,01_balance_comprobacion_saldos_agregado_julio_2026_area_municipal.pdf,pdftotext_layout_regex,estructura_y_totales_reconciliados
MU124-municipal-2026-07-115-08-00-000-000-000,MU124,Municipalidad de La Pintana,municipal,2026-07,115-08-00-000-000-000,1,C X C OTROS INGRESOS CORRIENTES,127712390,0,4357426747,4310659262,174479875,0,CLP,1,01_balance_comprobacion_saldos_agregado_julio_2026_area_municipal.pdf,pdftotext_layout_regex,estructura_y_totales_reconciliados
MU124-municipal-2026-07-115-12-00-000-000-000,MU124,Municipalidad de La Pintana,municipal,2026-07,115-12-00-000-000-000,1,C X C RECUPERACIÓN DE PRÉSTAMOS,784564967,0,0,7326946,777238021,0,CLP,1,01_balance_comprobacion_saldos_agregado_julio_2026_area_municipal.pdf,pdftotext_layout_regex,estructura_y_totales_reconciliados
MU124-municipal-2026-07-111-01-00-000-000-000,MU124,Municipalidad de La Pintana,municipal,2026-07,111-01-00-000-000-000,1,CAJA,637647468,0,6381949405,5966258667,1053338206,0,CLP,1,01_balance_comprobacion_saldos_agregado_julio_2026_area_municipal.pdf,pdftotext_layout_regex,estructura_y_totales_reconciliados
MU124-municipal-2026-07-111-02-00-000-000-000,MU124,Municipalidad de La Pintana,municipal,2026-07,111-02-00-000-000-000,1,BANCO ESTADO,1992681176,0,48245709,42242155,1998684730,0,CLP,1,01_balance_comprobacion_saldos_agregado_julio_2026_area_municipal.pdf,pdftotext_layout_regex,estructura_y_totales_reconciliados
MU124-municipal-2026-07-111-03-00-000-000-000,MU124,Municipalidad de La Pintana,municipal,2026-07,111-03-00-000-000-000,1,BANCO DEL SISTEMA FINANCIERO,13174748471,0,6125412230,4318860599,14981300102,0,CLP,1,01_balance_comprobacion_saldos_agregado_julio_2026_area_municipal.pdf,pdftotext_layout_regex,estructura_y_totales_reconciliados
MU124-municipal-2026-07-111-08-00-000-000-000,MU124,Municipalidad de La Pintana,municipal,2026-07,111-08-00-000-000-000,1,FONDO POR ENTERAR AL FONDO COMÚN MUNICIPAL,0,0,22896989,0,22896989,0,CLP,1,01_balance_comprobacion_saldos_agregado_julio_2026_area_municipal.pdf,pdftotext_layout_regex,estructura_y_totales_reconciliados
MU124-municipal-2026-07-114-03-00-000-000-000,MU124,Municipalidad de La Pintana,municipal,2026-07,114-03-00-000-000-000,1,ANTICIPOS A RENDIR CUENTA,15116297,0,2200000,0,17316297,0,CLP,1,01_balance_comprobacion_saldos_agregado_julio_2026_area_municipal.pdf,pdftotext_layout_regex,estructura_y_totales_reconciliados
MU124-municipal-2026-07-114-04-00-000-000-000,MU124,Municipalidad de La Pintana,municipal,2026-07,114-04-00-000-000-000,1,GARANTÍAS OTORGADAS,111914218,0,0,0,111914218,0,CLP,1,01_balance_comprobacion_saldos_agregado_julio_2026_area_municipal.pdf,pdftotext_layout_regex,estructura_y_totales_reconciliados
MU124-municipal-2026-07-114-05-00-000-000-000,MU124,Municipalidad de La Pintana,municipal,2026-07,114-05-00-000-000-000,1,APLICACIÓN DE FONDOS EN ADMINISTRACIÓN,3055832846,0,249574084,0,3305406930,0,CLP,1,01_balance_comprobacion_saldos_agregado_julio_2026_area_municipal.pdf,pdftotext_layout_regex,estructura_y_totales_reconciliados
MU124-municipal-2026-07-114-09-00-000-000-000,MU124,Municipalidad de La Pintana,municipal,2026-07,114-09-00-000-000-000,1,TARJETAS DE CREDITO,180350049,0,321870956,381147502,121073503,0,CLP,1,01_balance_comprobacion_saldos_agregado_julio_2026_area_municipal.pdf,pdftotext_layout_regex,estructura_y_totales_reconciliados
MU124-municipal-2026-07-116-01-00-000-000-000,MU124,Municipalidad de La Pintana,municipal,2026-07,116-01-00-000-000-000,1,DOCUMENTOS PROTESTADOS,1711715,0,0,0,1711715,0,CLP,1,01_balance_comprobacion_saldos_agregado_julio_2026_area_municipal.pdf,pdftotext_layout_regex,estructura_y_totales_reconciliados
MU124-municipal-2026-07-124-01-00-000-000-000,MU124,Municipalidad de La Pintana,municipal,2026-07,124-01-00-000-000-000,1,Deudores de Dudosa Recuperación,1625165296,0,0,0,1625165296,0,CLP,1,01_balance_comprobacion_saldos_agregado_julio_2026_area_municipal.pdf,pdftotext_layout_regex,estructura_y_totales_reconciliados
MU124-municipal-2026-07-141-04-00-000-000-000,MU124,Municipalidad de La Pintana,municipal,2026-07,141-04-00-000-000-000,1,MÁQUINAS Y EQUIPOS DE OFICINA,343706536,0,9313708,145808,352874436,0,CLP,1,01_balance_comprobacion_saldos_agregado_julio_2026_area_municipal.pdf,pdftotext_layout_regex,estructura_y_totales_reconciliados
MU124-municipal-2026-07-141-05-00-000-000-000,MU124,Municipalidad de La Pintana,municipal,2026-07,141-05-00-000-000-000,1,VEHÍCULOS,3161668194,0,0,0,3161668194,0,CLP,2,01_balance_comprobacion_saldos_agregado_julio_2026_area_municipal.pdf,pdftotext_layout_regex,estructura_y_totales_reconciliados
MU124-municipal-2026-07-141-06-00-000-000-000,MU124,Municipalidad de La Pintana,municipal,2026-07,141-06-00-000-000-000,1,MUEBLES Y ENSERES,380900811,0,297500,0,381198311,0,CLP,2,01_balance_comprobacion_saldos_agregado_julio_2026_area_municipal.pdf,pdftotext_layout_regex,estructura_y_totales_reconciliados
MU124-municipal-2026-07-141-07-00-000-000-000,MU124,Municipalidad de La Pintana,municipal,2026-07,141-07-00-000-000-000,1,HERRAMIENTAS,2246144,0,0,0,2246144,0,CLP,2,01_balance_comprobacion_saldos_agregado_julio_2026_area_municipal.pdf,pdftotext_layout_regex,estructura_y_totales_reconciliados
MU124-municipal-2026-07-141-08-00-000-000-000,MU124,Municipalidad de La Pintana,municipal,2026-07,141-08-00-000-000-000,1,EQUIPOS COMPUTACIONALES Y PERIFÉRICOS,1045193729,0,13055398,0,1058249127,0,CLP,2,01_balance_comprobacion_saldos_agregado_julio_2026_area_municipal.pdf,pdftotext_layout_regex,estructura_y_totales_reconciliados
MU124-municipal-2026-07-141-09-00-000-000-000,MU124,Municipalidad de La Pintana,municipal,2026-07,141-09-00-000-000-000,1,EQUIPOS DE COMUNICACIONES PARA REDES INFORMÁTICAS,29729650,0,0,0,29729650,0,CLP,2,01_balance_comprobacion_saldos_agregado_julio_2026_area_municipal.pdf,pdftotext_layout_regex,estructura_y_totales_reconciliados
MU124-municipal-2026-07-141-10-00-000-000-000,MU124,Municipalidad de La Pintana,municipal,2026-07,141-10-00-000-000-000,1,ACTIVOS BIOLÓGICOS,9114274,0,0,0,9114274,0,CLP,2,01_balance_comprobacion_saldos_agregado_julio_2026_area_municipal.pdf,pdftotext_layout_regex,estructura_y_totales_reconciliados
MU124-municipal-2026-07-141-12-00-000-000-000,MU124,Municipalidad de La Pintana,municipal,2026-07,141-12-00-000-000-000,1,OTRAS MÁQUINAS Y EQUIPOS,19450760,0,0,0,19450760,0,CLP,2,01_balance_comprobacion_saldos_agregado_julio_2026_area_municipal.pdf,pdftotext_layout_regex,estructura_y_totales_reconciliados
MU124-municipal-2026-07-141-13-00-000-000-000,MU124,Municipalidad de La Pintana,municipal,2026-07,141-13-00-000-000-000,1,BIENES DE USO DEPRECIABLES EN COMODATO,4194314791,0,0,0,4194314791,0,CLP,2,01_balance_comprobacion_saldos_agregado_julio_2026_area_municipal.pdf,pdftotext_layout_regex,estructura_y_totales_reconciliados
MU124-municipal-2026-07-142-01-00-000-000-000,MU124,Municipalidad de La Pintana,municipal,2026-07,142-01-00-000-000-000,1,TERRENOS,15001013111,0,0,0,15001013111,0,CLP,2,01_balance_comprobacion_saldos_agregado_julio_2026_area_municipal.pdf,pdftotext_layout_regex,estructura_y_totales_reconciliados
MU124-municipal-2026-07-149-01-00-000-000-000,MU124,Municipalidad de La Pintana,municipal,2026-07,149-01-00-000-000-000,1,DEPRECIACIÓN ACUMULADA DE EDIFICACIONES,0,2270580137,0,12815310,0,2283395447,CLP,2,01_balance_comprobacion_saldos_agregado_julio_2026_area_municipal.pdf,pdftotext_layout_regex,estructura_y_totales_reconciliados
MU124-municipal-2026-07-149-02-00-000-000-000,MU124,Municipalidad de La Pintana,municipal,2026-07,149-02-00-000-000-000,1,DEPRECIACIÓN ACUMULADA DE MAQUINARIAS Y EQUIPOS PARA LA P,0,718322503,0,3246033,0,721568536,CLP,2,01_balance_comprobacion_saldos_agregado_julio_2026_area_municipal.pdf,pdftotext_layout_regex,estructura_y_totales_reconciliados
MU124-municipal-2026-07-149-04-00-000-000-000,MU124,Municipalidad de La Pintana,municipal,2026-07,149-04-00-000-000-000,1,DEPRECIACIÓN ACUMULADA DE MÁQUINAS Y EQUIPOS DE OFICINA,0,132243179,0,867174,0,133110353,CLP,2,01_balance_comprobacion_saldos_agregado_julio_2026_area_municipal.pdf,pdftotext_layout_regex,estructura_y_totales_reconciliados
MU124-municipal-2026-07-149-05-00-000-000-000,MU124,Municipalidad de La Pintana,municipal,2026-07,149-05-00-000-000-000,1,DEPRECIACIÓN ACUMULADA DE VEHÍCULOS,0,3011322760,0,19604355,0,3030927115,CLP,2,01_balance_comprobacion_saldos_agregado_julio_2026_area_municipal.pdf,pdftotext_layout_regex,estructura_y_totales_reconciliados
MU124-municipal-2026-07-149-06-00-000-000-000,MU124,Municipalidad de La Pintana,municipal,2026-07,149-06-00-000-000-000,1,DEPRECIACIÓN ACUMULADA DE MUEBLES Y ENSERES,0,294752147,0,1606436,0,296358583,CLP,2,01_balance_comprobacion_saldos_agregado_julio_2026_area_municipal.pdf,pdftotext_layout_regex,estructura_y_totales_reconciliados
MU124-municipal-2026-07-149-08-00-000-000-000,MU124,Municipalidad de La Pintana,municipal,2026-07,149-08-00-000-000-000,1,DEPRECIACIÓN ACUMULADA DE EQUIPOS COMPUTACIONALES Y PERIFÉ,0,1005510088,0,13679378,0,1019189466,CLP,2,01_balance_comprobacion_saldos_agregado_julio_2026_area_municipal.pdf,pdftotext_layout_regex,estructura_y_totales_reconciliados
MU124-municipal-2026-07-149-09-00-000-000-000,MU124,Municipalidad de La Pintana,municipal,2026-07,149-09-00-000-000-000,1,DEPRECIACIÓN ACUMULADA DE EQUIPOS DE COMUNICACIONES PARA RE,0,18399270,0,206323,0,18605593,CLP,2,01_balance_comprobacion_saldos_agregado_julio_2026_area_municipal.pdf,pdftotext_layout_regex,estructura_y_totales_reconciliados
MU124-municipal-2026-07-149-10-00-000-000-000,MU124,Municipalidad de La Pintana,municipal,2026-07,149-10-00-000-000-000,1,DEPRECIACIÓN ACUMULADA DE ACTIVOS VIVOS,0,5758866,0,28999,0,5787865,CLP,2,01_balance_comprobacion_saldos_agregado_julio_2026_area_municipal.pdf,pdftotext_layout_regex,estructura_y_totales_reconciliados
MU124-municipal-2026-07-149-13-00-000-000-000,MU124,Municipalidad de La Pintana,municipal,2026-07,149-13-00-000-000-000,1,DEPRECIACIÓN ACUMULADA DE BIENES EN COMODATO,0,67219339,0,687783,0,67907122,CLP,2,01_balance_comprobacion_saldos_agregado_julio_2026_area_municipal.pdf,pdftotext_layout_regex,estructura_y_totales_reconciliados
MU124-municipal-2026-07-151-02-00-000-000-000,MU124,Municipalidad de La Pintana,municipal,2026-07,151-02-00-000-000-000,1,SISTEMAS DE INFORMACIÓN,0,0,18548079,18548079,0,0,CLP,2,01_balance_comprobacion_saldos_agregado_julio_2026_area_municipal.pdf,pdftotext_layout_regex,estructura_y_totales_reconciliados
MU124-municipal-2026-07-161-02-00-000-000-000,MU124,Municipalidad de La Pintana,municipal,2026-07,161-02-00-000-000-000,1,PROYECTOS,5157898896,0,237636887,0,5395535783,0,CLP,2,01_balance_comprobacion_saldos_agregado_julio_2026_area_municipal.pdf,pdftotext_layout_regex,estructura_y_totales_reconciliados
MU124-municipal-2026-07-121-01-00-000-000-000,MU124,Municipalidad de La Pintana,municipal,2026-07,121-01-00-000-000-000,1,DEUDORES,9687517,0,0,0,9687517,0,CLP,2,01_balance_comprobacion_saldos_agregado_julio_2026_area_municipal.pdf,pdftotext_layout_regex,estructura_y_totales_reconciliados
MU124-municipal-2026-07-121-02-00-000-000-000,MU124,Municipalidad de La Pintana,municipal,2026-07,121-02-00-000-000-000,1,DOCUMENTOS POR COBRAR,654500,0,0,0,654500,0,CLP,2,01_balance_comprobacion_saldos_agregado_julio_2026_area_municipal.pdf,pdftotext_layout_regex,estructura_y_totales_reconciliados
MU124-municipal-2026-07-121-05-00-000-000-000,MU124,Municipalidad de La Pintana,municipal,2026-07,121-05-00-000-000-000,1,DEUDORES POR RENDICIONES DE CUENTAS,247378,0,0,0,247378,0,CLP,3,01_balance_comprobacion_saldos_agregado_julio_2026_area_municipal.pdf,pdftotext_layout_regex,estructura_y_totales_reconciliados
MU124-municipal-2026-07-121-06-00-000-000-000,MU124,Municipalidad de La Pintana,municipal,2026-07,121-06-00-000-000-000,1,DEUDORES POR RENDICIONES DE CUENTAS,1143339998,0,6500000,0,1149839998,0,CLP,3,01_balance_comprobacion_saldos_agregado_julio_2026_area_municipal.pdf,pdftotext_layout_regex,estructura_y_totales_reconciliados
MU124-municipal-2026-07-131-04-00-000-000-000,MU124,Municipalidad de La Pintana,municipal,2026-07,131-04-00-000-000-000,1,MATERIALES DE USO O CONSUMO,469418,0,0,0,469418,0,CLP,3,01_balance_comprobacion_saldos_agregado_julio_2026_area_municipal.pdf,pdftotext_layout_regex,estructura_y_totales_reconciliados
MU124-municipal-2026-07-141-01-00-000-000-000,MU124,Municipalidad de La Pintana,municipal,2026-07,141-01-00-000-000-000,1,EDIFICACIONES,5415406642,0,0,0,5415406642,0,CLP,3,01_balance_comprobacion_saldos_agregado_julio_2026_area_municipal.pdf,pdftotext_layout_regex,estructura_y_totales_reconciliados
MU124-municipal-2026-07-141-02-00-000-000-000,MU124,Municipalidad de La Pintana,municipal,2026-07,141-02-00-000-000-000,1,MAQUINARIAS Y EQUIPOS PARA LA PRODUCCIÓN,713648140,0,0,0,713648140,0,CLP,3,01_balance_comprobacion_saldos_agregado_julio_2026_area_municipal.pdf,pdftotext_layout_regex,estructura_y_totales_reconciliados
MU124-municipal-2026-07-215-21-00-000-000-000,MU124,Municipalidad de La Pintana,municipal,2026-07,215-21-00-000-000-000,2,C X P GASTOS EN PERSONAL,0,0,1669393389,2074099559,0,404706170,CLP,3,01_balance_comprobacion_saldos_agregado_julio_2026_area_municipal.pdf,pdftotext_layout_regex,estructura_y_totales_reconciliados
MU124-municipal-2026-07-215-22-00-000-000-000,MU124,Municipalidad de La Pintana,municipal,2026-07,215-22-00-000-000-000,2,C X P BIENES Y SERVICIOS DE CONSUMO,106382037,0,936126529,1640592914,0,598084348,CLP,3,01_balance_comprobacion_saldos_agregado_julio_2026_area_municipal.pdf,pdftotext_layout_regex,estructura_y_totales_reconciliados
MU124-municipal-2026-07-215-24-00-000-000-000,MU124,Municipalidad de La Pintana,municipal,2026-07,215-24-00-000-000-000,2,C X P TRANSFERENCIAS CORRIENTES,0,183333333,227887256,227887256,0,183333333,CLP,3,01_balance_comprobacion_saldos_agregado_julio_2026_area_municipal.pdf,pdftotext_layout_regex,estructura_y_totales_reconciliados
MU124-municipal-2026-07-215-26-00-000-000-000,MU124,Municipalidad de La Pintana,municipal,2026-07,215-26-00-000-000-000,2,C X P OTROS GASTOS CORRIENTES,0,1465014,23441757,23869387,0,1892644,CLP,3,01_balance_comprobacion_saldos_agregado_julio_2026_area_municipal.pdf,pdftotext_layout_regex,estructura_y_totales_reconciliados
MU124-municipal-2026-07-215-29-00-000-000-000,MU124,Municipalidad de La Pintana,municipal,2026-07,215-29-00-000-000-000,2,C X P ADQUISICIÓN DE ACTIVOS NO FINANCIEROS,12515230,0,36559627,55879266,0,6804409,CLP,3,01_balance_comprobacion_saldos_agregado_julio_2026_area_municipal.pdf,pdftotext_layout_regex,estructura_y_totales_reconciliados
MU124-municipal-2026-07-215-31-00-000-000-000,MU124,Municipalidad de La Pintana,municipal,2026-07,215-31-00-000-000-000,2,C X P INICIATIVAS DE INVERSIÓN,0,0,203664320,237636887,0,33972567,CLP,3,01_balance_comprobacion_saldos_agregado_julio_2026_area_municipal.pdf,pdftotext_layout_regex,estructura_y_totales_reconciliados
MU124-municipal-2026-07-215-34-00-000-000-000,MU124,Municipalidad de La Pintana,municipal,2026-07,215-34-00-000-000-000,2,C X P SERVICIO DE LA DEUDA,0,13288226,0,0,0,13288226,CLP,3,01_balance_comprobacion_saldos_agregado_julio_2026_area_municipal.pdf,pdftotext_layout_regex,estructura_y_totales_reconciliados
MU124-municipal-2026-07-214-05-00-000-000-000,MU124,Municipalidad de La Pintana,municipal,2026-07,214-05-00-000-000-000,2,ADMINISTRACIÓN DE FONDOS,0,4872993230,12091248,408801691,0,5269703673,CLP,3,01_balance_comprobacion_saldos_agregado_julio_2026_area_municipal.pdf,pdftotext_layout_regex,estructura_y_totales_reconciliados
MU124-municipal-2026-07-214-07-00-000-000-000,MU124,Municipalidad de La Pintana,municipal,2026-07,214-07-00-000-000-000,2,RECAUDACIÓN DEL SISTEMA FINANCIERO PENDIENTE DE APLICACIÓN,0,5507,0,-4689,0,818,CLP,3,01_balance_comprobacion_saldos_agregado_julio_2026_area_municipal.pdf,pdftotext_layout_regex,estructura_y_totales_reconciliados
MU124-municipal-2026-07-214-09-00-000-000-000,MU124,Municipalidad de La Pintana,municipal,2026-07,214-09-00-000-000-000,2,OTRAS OBLIGACIONES FINANCIERAS,0,1401132123,580864008,505918783,0,1326186898,CLP,3,01_balance_comprobacion_saldos_agregado_julio_2026_area_municipal.pdf,pdftotext_layout_regex,estructura_y_totales_reconciliados
MU124-municipal-2026-07-214-10-00-000-000-000,MU124,Municipalidad de La Pintana,municipal,2026-07,214-10-00-000-000-000,2,RETENCIONES PREVISIONALES,0,581130860,185958544,231336553,0,626508869,CLP,3,01_balance_comprobacion_saldos_agregado_julio_2026_area_municipal.pdf,pdftotext_layout_regex,estructura_y_totales_reconciliados
MU124-municipal-2026-07-214-11-00-000-000-000,MU124,Municipalidad de La Pintana,municipal,2026-07,214-11-00-000-000-000,2,RETENCIONES TRIBUTARIAS,0,47004060,17283948,138584394,0,168304506,CLP,3,01_balance_comprobacion_saldos_agregado_julio_2026_area_municipal.pdf,pdftotext_layout_regex,estructura_y_totales_reconciliados
MU124-municipal-2026-07-214-12-00-000-000-000,MU124,Municipalidad de La Pintana,municipal,2026-07,214-12-00-000-000-000,2,RETENCIONES VOLUNTARIAS,0,126863680,31337173,33496169,0,129022676,CLP,3,01_balance_comprobacion_saldos_agregado_julio_2026_area_municipal.pdf,pdftotext_layout_regex,estructura_y_totales_reconciliados
MU124-municipal-2026-07-214-13-00-000-000-000,MU124,Municipalidad de La Pintana,municipal,2026-07,214-13-00-000-000-000,2,RETENCIONES JUDICIALES Y SIMILARES,33406,0,1982503,1982503,33406,0,CLP,3,01_balance_comprobacion_saldos_agregado_julio_2026_area_municipal.pdf,pdftotext_layout_regex,estructura_y_totales_reconciliados
MU124-municipal-2026-07-216-01-00-000-000-000,MU124,Municipalidad de La Pintana,municipal,2026-07,216-01-00-000-000-000,2,DOCUMENTOS CADUCADOS,0,337432553,683292303,0,345859750,0,CLP,4,01_balance_comprobacion_saldos_agregado_julio_2026_area_municipal.pdf,pdftotext_layout_regex,estructura_y_totales_reconciliados
MU124-municipal-2026-07-221-01-00-000-000-000,MU124,Municipalidad de La Pintana,municipal,2026-07,221-01-00-000-000-000,2,ACREEDORES,0,344739341,0,0,0,344739341,CLP,4,01_balance_comprobacion_saldos_agregado_julio_2026_area_municipal.pdf,pdftotext_layout_regex,estructura_y_totales_reconciliados
MU124-municipal-2026-07-221-02-00-000-000-000,MU124,Municipalidad de La Pintana,municipal,2026-07,221-02-00-000-000-000,2,FONDOS DE TERCEROS,0,147214,0,0,0,147214,CLP,4,01_balance_comprobacion_saldos_agregado_julio_2026_area_municipal.pdf,pdftotext_layout_regex,estructura_y_totales_reconciliados
MU124-municipal-2026-07-221-03-00-000-000-000,MU124,Municipalidad de La Pintana,municipal,2026-07,221-03-00-000-000-000,2,IVA – DÉBITO FISCAL,0,9097401,0,0,0,9097401,CLP,4,01_balance_comprobacion_saldos_agregado_julio_2026_area_municipal.pdf,pdftotext_layout_regex,estructura_y_totales_reconciliados
MU124-municipal-2026-07-221-07-00-000-000-000,MU124,Municipalidad de La Pintana,municipal,2026-07,221-07-00-000-000-000,2,OBLIGACIONES POR APORTES AL FONDO COMÚN MUNICIPAL,0,45214474,33515591,22360960,0,34059843,CLP,4,01_balance_comprobacion_saldos_agregado_julio_2026_area_municipal.pdf,pdftotext_layout_regex,estructura_y_totales_reconciliados
MU124-municipal-2026-07-221-08-00-000-000-000,MU124,Municipalidad de La Pintana,municipal,2026-07,221-08-00-000-000-000,2,OBLIGACIONES CON REGISTRO DE MULTAS DE TRÁNSITO,0,431076325,1072590,512190,0,430515925,CLP,4,01_balance_comprobacion_saldos_agregado_julio_2026_area_municipal.pdf,pdftotext_layout_regex,estructura_y_totales_reconciliados
MU124-municipal-2026-07-224-05-00-000-000-000,MU124,Municipalidad de La Pintana,municipal,2026-07,224-05-00-000-000-000,2,Provisiones por Juicios a Corto Plazo,0,813333393,0,0,0,813333393,CLP,4,01_balance_comprobacion_saldos_agregado_julio_2026_area_municipal.pdf,pdftotext_layout_regex,estructura_y_totales_reconciliados
MU124-municipal-2026-07-224-08-00-000-000-000,MU124,Municipalidad de La Pintana,municipal,2026-07,224-08-00-000-000-000,2,Provisiones por Juicios a Corto Plazo,0,400000000,0,0,0,400000000,CLP,4,01_balance_comprobacion_saldos_agregado_julio_2026_area_municipal.pdf,pdftotext_layout_regex,estructura_y_totales_reconciliados
MU124-municipal-2026-07-311-01-00-000-000-000,MU124,Municipalidad de La Pintana,municipal,2026-07,311-01-00-000-000-000,3,PATRIMONIO INSTITUCIONAL,0,29310308302,0,0,0,29310308302,CLP,4,01_balance_comprobacion_saldos_agregado_julio_2026_area_municipal.pdf,pdftotext_layout_regex,estructura_y_totales_reconciliados
MU124-municipal-2026-07-311-02-00-000-000-000,MU124,Municipalidad de La Pintana,municipal,2026-07,311-02-00-000-000-000,3,RESULTADOS ACUMULADOS,0,12704979064,0,0,0,12704979064,CLP,4,01_balance_comprobacion_saldos_agregado_julio_2026_area_municipal.pdf,pdftotext_layout_regex,estructura_y_totales_reconciliados
MU124-municipal-2026-07-432-01-00-000-000-000,MU124,Municipalidad de La Pintana,municipal,2026-07,432-01-00-000-000-000,4,PATENTES Y TASAS POR DERECHOS,0,1374499293,0,1196873860,0,2571373153,CLP,4,01_balance_comprobacion_saldos_agregado_julio_2026_area_municipal.pdf,pdftotext_layout_regex,estructura_y_totales_reconciliados
MU124-municipal-2026-07-432-02-00-000-000-000,MU124,Municipalidad de La Pintana,municipal,2026-07,432-02-00-000-000-000,4,PERMISOS Y LICENCIAS,0,907201491,0,47117479,0,954318970,CLP,4,01_balance_comprobacion_saldos_agregado_julio_2026_area_municipal.pdf,pdftotext_layout_regex,estructura_y_totales_reconciliados
MU124-municipal-2026-07-432-03-00-000-000-000,MU124,Municipalidad de La Pintana,municipal,2026-07,432-03-00-000-000-000,4,PARTICIPACIÓN EN IMPUESTO TERRITORIAL – ART. 37 DL. N,0,0,0,7350355,0,7350355,CLP,4,01_balance_comprobacion_saldos_agregado_julio_2026_area_municipal.pdf,pdftotext_layout_regex,estructura_y_totales_reconciliados
MU124-municipal-2026-07-433-03-00-000-000-000,MU124,Municipalidad de La Pintana,municipal,2026-07,433-03-00-000-000-000,4,INTERESES,0,365556550,0,59793381,0,425349931,CLP,4,01_balance_comprobacion_saldos_agregado_julio_2026_area_municipal.pdf,pdftotext_layout_regex,estructura_y_totales_reconciliados
MU124-municipal-2026-07-441-03-00-000-000-000,MU124,Municipalidad de La Pintana,municipal,2026-07,441-03-00-000-000-000,4,TRANSFERENCIAS CORRIENTES DE OTRAS ENTIDADES PÚBLICAS,0,17893452854,0,1852392839,0,19745845693,CLP,4,01_balance_comprobacion_saldos_agregado_julio_2026_area_municipal.pdf,pdftotext_layout_regex,estructura_y_totales_reconciliados
MU124-municipal-2026-07-442-03-00-000-000-000,MU124,Municipalidad de La Pintana,municipal,2026-07,442-03-00-000-000-000,4,TRANSFERENCIAS DE CAPITAL DE OTRAS ENTIDADES PÚBLICAS,0,64960248,0,0,0,64960248,CLP,4,01_balance_comprobacion_saldos_agregado_julio_2026_area_municipal.pdf,pdftotext_layout_regex,estructura_y_totales_reconciliados
MU124-municipal-2026-07-453-99-00-000-000-000,MU124,Municipalidad de La Pintana,municipal,2026-07,453-99-00-000-000-000,4,VENTA DE OTROS BIENES DE USO,0,18311000,0,0,0,18311000,CLP,5,01_balance_comprobacion_saldos_agregado_julio_2026_area_municipal.pdf,pdftotext_layout_regex,estructura_y_totales_reconciliados
MU124-municipal-2026-07-461-01-00-000-000-000,MU124,Municipalidad de La Pintana,municipal,2026-07,461-01-00-000-000-000,4,RECUPERACIONES Y REEMBOLSO POR LICENCIAS MÉDICAS,0,180517050,0,47768095,0,228285145,CLP,5,01_balance_comprobacion_saldos_agregado_julio_2026_area_municipal.pdf,pdftotext_layout_regex,estructura_y_totales_reconciliados
MU124-municipal-2026-07-461-02-00-000-000-000,MU124,Municipalidad de La Pintana,municipal,2026-07,461-02-00-000-000-000,4,OTROS INGRESOS PATRIMONIALES,0,294017609,0,57572380,0,351589989,CLP,5,01_balance_comprobacion_saldos_agregado_julio_2026_area_municipal.pdf,pdftotext_layout_regex,estructura_y_totales_reconciliados
MU124-municipal-2026-07-461-03-00-000-000-000,MU124,Municipalidad de La Pintana,municipal,2026-07,461-03-00-000-000-000,4,PARTICIPACIÓN DEL FONDO COMÚN MUNICIPAL – ART. 38 DL. Nº 3.0,0,0,0,2582067197,0,2582067197,CLP,5,01_balance_comprobacion_saldos_agregado_julio_2026_area_municipal.pdf,pdftotext_layout_regex,estructura_y_totales_reconciliados
MU124-municipal-2026-07-461-04-00-000-000-000,MU124,Municipalidad de La Pintana,municipal,2026-07,461-04-00-000-000-000,4,OTROS INGRESOS,0,172970987,0,23809809,0,196780796,CLP,5,01_balance_comprobacion_saldos_agregado_julio_2026_area_municipal.pdf,pdftotext_layout_regex,estructura_y_totales_reconciliados
MU124-municipal-2026-07-463-72-00-000-000-000,MU124,Municipalidad de La Pintana,municipal,2026-07,463-72-00-000-000-000,4,AJUSTE POR VARIACIÓN DE UNIDADES DE CUENTAS E ÍNDICES ECO,0,0,0,1102987,0,1102987,CLP,5,01_balance_comprobacion_saldos_agregado_julio_2026_area_municipal.pdf,pdftotext_layout_regex,estructura_y_totales_reconciliados
MU124-municipal-2026-07-531-01-00-000-000-000,MU124,Municipalidad de La Pintana,municipal,2026-07,531-01-00-000-000-000,5,PERSONAL DE PLANTA,5906244804,0,934937451,0,6841182255,0,CLP,5,01_balance_comprobacion_saldos_agregado_julio_2026_area_municipal.pdf,pdftotext_layout_regex,estructura_y_totales_reconciliados
MU124-municipal-2026-07-531-02-00-000-000-000,MU124,Municipalidad de La Pintana,municipal,2026-07,531-02-00-000-000-000,5,PERSONAL A CONTRATA,1633284082,0,691303026,0,2324587108,0,CLP,5,01_balance_comprobacion_saldos_agregado_julio_2026_area_municipal.pdf,pdftotext_layout_regex,estructura_y_totales_reconciliados
MU124-municipal-2026-07-531-03-00-000-000-000,MU124,Municipalidad de La Pintana,municipal,2026-07,531-03-00-000-000-000,5,OTRAS REMUNERACIONES,534239187,0,83792542,0,618031729,0,CLP,5,01_balance_comprobacion_saldos_agregado_julio_2026_area_municipal.pdf,pdftotext_layout_regex,estructura_y_totales_reconciliados
MU124-municipal-2026-07-531-04-00-000-000-000,MU124,Municipalidad de La Pintana,municipal,2026-07,531-04-00-000-000-000,5,OTROS GASTOS EN PERSONAL,1741197352,0,268912224,0,2010109576,0,CLP,5,01_balance_comprobacion_saldos_agregado_julio_2026_area_municipal.pdf,pdftotext_layout_regex,estructura_y_totales_reconciliados
MU124-municipal-2026-07-532-01-00-000-000-000,MU124,Municipalidad de La Pintana,municipal,2026-07,532-01-00-000-000-000,5,ALIMENTOS Y BEBIDAS,2518888,0,1469985,0,3988873,0,CLP,5,01_balance_comprobacion_saldos_agregado_julio_2026_area_municipal.pdf,pdftotext_layout_regex,estructura_y_totales_reconciliados
MU124-municipal-2026-07-532-02-00-000-000-000,MU124,Municipalidad de La Pintana,municipal,2026-07,532-02-00-000-000-000,5,TEXTILES VESTUARIO Y CALZADO,7285086,0,3096446,0,10381532,0,CLP,5,01_balance_comprobacion_saldos_agregado_julio_2026_area_municipal.pdf,pdftotext_layout_regex,estructura_y_totales_reconciliados
MU124-municipal-2026-07-532-03-00-000-000-000,MU124,Municipalidad de La Pintana,municipal,2026-07,532-03-00-000-000-000,5,COMBUSTIBLES Y LUBRICANTES,66273096,0,17900000,0,84173096,0,CLP,5,01_balance_comprobacion_saldos_agregado_julio_2026_area_municipal.pdf,pdftotext_layout_regex,estructura_y_totales_reconciliados
MU124-municipal-2026-07-532-04-00-000-000-000,MU124,Municipalidad de La Pintana,municipal,2026-07,532-04-00-000-000-000,5,MATERIALES DE USO O CONSUMO,212495877,0,20606203,0,233102080,0,CLP,5,01_balance_comprobacion_saldos_agregado_julio_2026_area_municipal.pdf,pdftotext_layout_regex,estructura_y_totales_reconciliados
MU124-municipal-2026-07-532-05-00-000-000-000,MU124,Municipalidad de La Pintana,municipal,2026-07,532-05-00-000-000-000,5,SERVICIOS BÁSICOS,1335563964,0,207573966,0,1543137930,0,CLP,5,01_balance_comprobacion_saldos_agregado_julio_2026_area_municipal.pdf,pdftotext_layout_regex,estructura_y_totales_reconciliados
MU124-municipal-2026-07-532-06-00-000-000-000,MU124,Municipalidad de La Pintana,municipal,2026-07,532-06-00-000-000-000,5,MANTENIMIENTO Y REPARACIONES,223262312,0,13310187,0,236572499,0,CLP,5,01_balance_comprobacion_saldos_agregado_julio_2026_area_municipal.pdf,pdftotext_layout_regex,estructura_y_totales_reconciliados
MU124-municipal-2026-07-532-07-00-000-000-000,MU124,Municipalidad de La Pintana,municipal,2026-07,532-07-00-000-000-000,5,PUBLICIDAD Y DIFUSIÓN,11398899,0,2080715,0,13479614,0,CLP,5,01_balance_comprobacion_saldos_agregado_julio_2026_area_municipal.pdf,pdftotext_layout_regex,estructura_y_totales_reconciliados
MU124-municipal-2026-07-532-08-00-000-000-000,MU124,Municipalidad de La Pintana,municipal,2026-07,532-08-00-000-000-000,5,SERVICIOS GENERALES,6595626387,0,1261607256,0,7857233643,0,CLP,5,01_balance_comprobacion_saldos_agregado_julio_2026_area_municipal.pdf,pdftotext_layout_regex,estructura_y_totales_reconciliados
MU124-municipal-2026-07-532-09-00-000-000-000,MU124,Municipalidad de La Pintana,municipal,2026-07,532-09-00-000-000-000,5,ARRIENDOS,357439747,0,92679473,0,450119220,0,CLP,5,01_balance_comprobacion_saldos_agregado_julio_2026_area_municipal.pdf,pdftotext_layout_regex,estructura_y_totales_reconciliados
MU124-municipal-2026-07-532-10-00-000-000-000,MU124,Municipalidad de La Pintana,municipal,2026-07,532-10-00-000-000-000,5,SERVICIOS FINANCIEROS Y DE SEGUROS,41047617,0,285856,0,41333473,0,CLP,5,01_balance_comprobacion_saldos_agregado_julio_2026_area_municipal.pdf,pdftotext_layout_regex,estructura_y_totales_reconciliados
MU124-municipal-2026-07-532-11-00-000-000-000,MU124,Municipalidad de La Pintana,municipal,2026-07,532-11-00-000-000-000,5,SERVICIOS TÉCNICOS Y PROFESIONALES,323004477,0,52523353,0,375527830,0,CLP,5,01_balance_comprobacion_saldos_agregado_julio_2026_area_municipal.pdf,pdftotext_layout_regex,estructura_y_totales_reconciliados
MU124-municipal-2026-07-532-12-00-000-000-000,MU124,Municipalidad de La Pintana,municipal,2026-07,532-12-00-000-000-000,5,OTROS GASTOS EN BIENES Y SERVICIOS DE CONSUMO,78937891,0,672134,0,79610025,0,CLP,6,01_balance_comprobacion_saldos_agregado_julio_2026_area_municipal.pdf,pdftotext_layout_regex,estructura_y_totales_reconciliados
MU124-municipal-2026-07-532-14-00-000-000-000,MU124,Municipalidad de La Pintana,municipal,2026-07,532-14-00-000-000-000,5,GASTOS BIENES MUEBLES,14294557,0,145808,0,14440365,0,CLP,6,01_balance_comprobacion_saldos_agregado_julio_2026_area_municipal.pdf,pdftotext_layout_regex,estructura_y_totales_reconciliados
MU124-municipal-2026-07-511-04-00-000-000-000,MU124,Municipalidad de La Pintana,municipal,2026-07,511-04-00-000-000-000,5,OTROS ÍNTEGROS AL FISCO,655608493,0,0,0,655608493,0,CLP,6,01_balance_comprobacion_saldos_agregado_julio_2026_area_municipal.pdf,pdftotext_layout_regex,estructura_y_totales_reconciliados
MU124-municipal-2026-07-521-04-00-000-000-000,MU124,Municipalidad de La Pintana,municipal,2026-07,521-04-00-000-000-000,5,DESAHUCIOS E INDEMNIZACIONES,390878478,0,0,0,390878478,0,CLP,6,01_balance_comprobacion_saldos_agregado_julio_2026_area_municipal.pdf,pdftotext_layout_regex,estructura_y_totales_reconciliados
MU124-municipal-2026-07-541-01-00-000-000-000,MU124,Municipalidad de La Pintana,municipal,2026-07,541-01-00-000-000-000,5,TRANSFERENCIAS CORRIENTES AL SECTOR PRIVADO,481819025,0,187857364,0,669676389,0,CLP,6,01_balance_comprobacion_saldos_agregado_julio_2026_area_municipal.pdf,pdftotext_layout_regex,estructura_y_totales_reconciliados
MU124-municipal-2026-07-541-03-00-000-000-000,MU124,Municipalidad de La Pintana,municipal,2026-07,541-03-00-000-000-000,5,TRANSFERENCIAS CORRIENTES A OTRAS ENTIDADES PÚBLICAS,1301512419,0,14301,0,1301526720,0,CLP,6,01_balance_comprobacion_saldos_agregado_julio_2026_area_municipal.pdf,pdftotext_layout_regex,estructura_y_totales_reconciliados
MU124-municipal-2026-07-561-01-00-000-000-000,MU124,Municipalidad de La Pintana,municipal,2026-07,561-01-00-000-000-000,5,DEVOLUCIONES,39493659,0,562465,0,40056124,0,CLP,6,01_balance_comprobacion_saldos_agregado_julio_2026_area_municipal.pdf,pdftotext_layout_regex,estructura_y_totales_reconciliados
MU124-municipal-2026-07-561-02-00-000-000-000,MU124,Municipalidad de La Pintana,municipal,2026-07,561-02-00-000-000-000,5,COMPENSACIÓN POR DAÑOS A TERCEROS Y/O A LA PROPIEDAD,198545140,0,22234332,0,220779472,0,CLP,6,01_balance_comprobacion_saldos_agregado_julio_2026_area_municipal.pdf,pdftotext_layout_regex,estructura_y_totales_reconciliados
MU124-municipal-2026-07-563-21-00-000-000-000,MU124,Municipalidad de La Pintana,municipal,2026-07,563-21-00-000-000-000,5,DEPRECIACIÓN DE BIENES DE USO,323519093,0,52025009,0,375544102,0,CLP,6,01_balance_comprobacion_saldos_agregado_julio_2026_area_municipal.pdf,pdftotext_layout_regex,estructura_y_totales_reconciliados
MU124-municipal-2026-07-563-99-00-000-000-000,MU124,Municipalidad de La Pintana,municipal,2026-07,563-99-00-000-000-000,5,OTROS AJUSTES DE EJERCICIOS ANTERIORES,54599580,0,0,0,54599580,0,CLP,6,01_balance_comprobacion_saldos_agregado_julio_2026_area_municipal.pdf,pdftotext_layout_regex,estructura_y_totales_reconciliados
MU124-municipal-2026-07-921-01-00-000-000-000,MU124,Municipalidad de La Pintana,municipal,2026-07,921-01-00-000-000-000,9,DEBE GARANTIAS RECIBIDAS DE SERIEDAD DE LA OFERTA,161304798,0,0,0,161304798,0,CLP,6,01_balance_comprobacion_saldos_agregado_julio_2026_area_municipal.pdf,pdftotext_layout_regex,estructura_y_totales_reconciliados
MU124-municipal-2026-07-921-02-00-000-000-000,MU124,Municipalidad de La Pintana,municipal,2026-07,921-02-00-000-000-000,9,HABER RESPONSABILIDAD POR GARANTIAS RECIBIDAS DE SERIEDAD DE,0,161304798,0,0,0,161304798,CLP,6,01_balance_comprobacion_saldos_agregado_julio_2026_area_municipal.pdf,pdftotext_layout_regex,estructura_y_totales_reconciliados
MU124-municipal-2026-07-921-03-00-000-000-000,MU124,Municipalidad de La Pintana,municipal,2026-07,921-03-00-000-000-000,9,DEBE GARANTIAS RECIBIDAS DE FIEL CUMPLIMIENTO DE CONTRATO,4581452312,0,0,0,4581452312,0,CLP,6,01_balance_comprobacion_saldos_agregado_julio_2026_area_municipal.pdf,pdftotext_layout_regex,estructura_y_totales_reconciliados
MU124-municipal-2026-07-921-04-00-000-000-000,MU124,Municipalidad de La Pintana,municipal,2026-07,921-04-00-000-000-000,9,HABER RESPONSABILIDAD POR GARANTIAS RECIBIDAS DE FIEL CUMPLI,0,4581452312,0,0,0,4581452312,CLP,6,01_balance_comprobacion_saldos_agregado_julio_2026_area_municipal.pdf,pdftotext_layout_regex,estructura_y_totales_reconciliados
MU124-municipal-2026-07-923-01-00-000-000-000,MU124,Municipalidad de La Pintana,municipal,2026-07,923-01-00-000-000-000,9,DEBE –GARANTÍAS RECIBIDAS POR CONTRATOS DE CONSTRUCCIÓN,10593438342,0,0,0,10593438342,0,CLP,6,01_balance_comprobacion_saldos_agregado_julio_2026_area_municipal.pdf,pdftotext_layout_regex,estructura_y_totales_reconciliados
MU124-municipal-2026-07-923-02-00-000-000-000,MU124,Municipalidad de La Pintana,municipal,2026-07,923-02-00-000-000-000,9,HABER – RESPONSABILIDAD POR GARANTÍAS RECIBIDAS POR CONTRATO,0,10593438342,0,0,0,10593438342,CLP,6,01_balance_comprobacion_saldos_agregado_julio_2026_area_municipal.pdf,pdftotext_layout_regex,estructura_y_totales_reconciliados
