record_id,organism_code,municipality,area,period,account_code,account_prefix,account_name_as_published,amount_clp,currency,source_page,source_file,extraction_method,verification_status
MU124-municipal-2026-07-115-03-01-002-003-000,MU124,Municipalidad de La Pintana,municipal,2026-07,115-03-01-002-003-000,115,COBRO DIRECTO,4784476,CLP,1,02_pasivos_julio_2026_area_municipal.pdf,pdftotext_layout_regex,fila_extraida_revisar_clasificacion_contable
MU124-municipal-2026-07-115-03-02-001-001-000,MU124,Municipalidad de La Pintana,municipal,2026-07,115-03-02-001-001-000,115,DE BENEFICIO MUNICIPAL,6864056,CLP,1,02_pasivos_julio_2026_area_municipal.pdf,pdftotext_layout_regex,fila_extraida_revisar_clasificacion_contable
MU124-municipal-2026-07-115-03-02-001-002-000,MU124,Municipalidad de La Pintana,municipal,2026-07,115-03-02-001-002-000,115,DE BENEFICIO FONDO COMUN MUNICIPAL,11440109,CLP,1,02_pasivos_julio_2026_area_municipal.pdf,pdftotext_layout_regex,fila_extraida_revisar_clasificacion_contable
MU124-municipal-2026-07-115-03-02-002-000-000,MU124,Municipalidad de La Pintana,municipal,2026-07,115-03-02-002-000-000,115,LICENCIAS DE CONDUCIR Y SIMILARES,1764702,CLP,1,02_pasivos_julio_2026_area_municipal.pdf,pdftotext_layout_regex,fila_extraida_revisar_clasificacion_contable
MU124-municipal-2026-07-115-03-02-999-000-000,MU124,Municipalidad de La Pintana,municipal,2026-07,115-03-02-999-000-000,115,OTROS,162903,CLP,1,02_pasivos_julio_2026_area_municipal.pdf,pdftotext_layout_regex,fila_extraida_revisar_clasificacion_contable
MU124-municipal-2026-07-115-08-02-001-001-000,MU124,Municipalidad de La Pintana,municipal,2026-07,115-08-02-001-001-000,115,MULTAS LEY DEL TRANSITO,4029885,CLP,1,02_pasivos_julio_2026_area_municipal.pdf,pdftotext_layout_regex,fila_extraida_revisar_clasificacion_contable
MU124-municipal-2026-07-115-08-02-006-000-000,MU124,Municipalidad de La Pintana,municipal,2026-07,115-08-02-006-000-000,115,REG. DE MULTAS NO PAGADAS DE BENF. DE OTRAS MUNIC.,713224,CLP,1,02_pasivos_julio_2026_area_municipal.pdf,pdftotext_layout_regex,fila_extraida_revisar_clasificacion_contable
MU124-municipal-2026-07-115-08-02-008-000-000,MU124,Municipalidad de La Pintana,municipal,2026-07,115-08-02-008-000-000,115,MULTAS E INTERESES,147258,CLP,1,02_pasivos_julio_2026_area_municipal.pdf,pdftotext_layout_regex,fila_extraida_revisar_clasificacion_contable
MU124-municipal-2026-07-115-08-04-001-000-000,MU124,Municipalidad de La Pintana,municipal,2026-07,115-08-04-001-000-000,115,ARANCEL AL REGISTRO DE MULTAS DE TRÀNSITO NO PAGAD,1373026,CLP,1,02_pasivos_julio_2026_area_municipal.pdf,pdftotext_layout_regex,fila_extraida_revisar_clasificacion_contable
MU124-municipal-2026-07-215-21-02-001-001-000,MU124,Municipalidad de La Pintana,municipal,2026-07,215-21-02-001-001-000,215,SUELDOS BASE,62581295,CLP,1,02_pasivos_julio_2026_area_municipal.pdf,pdftotext_layout_regex,fila_extraida_revisar_clasificacion_contable
MU124-municipal-2026-07-215-21-02-001-002-002,MU124,Municipalidad de La Pintana,municipal,2026-07,215-21-02-001-002-002,215,"Asig. de Ant. Art.97, Letra G) de Ley Nº18.883",781497,CLP,1,02_pasivos_julio_2026_area_municipal.pdf,pdftotext_layout_regex,fila_extraida_revisar_clasificacion_contable
MU124-municipal-2026-07-215-21-02-001-003-000,MU124,Municipalidad de La Pintana,municipal,2026-07,215-21-02-001-003-000,215,ASIGNACION PROFESIONAL,25006392,CLP,1,02_pasivos_julio_2026_area_municipal.pdf,pdftotext_layout_regex,fila_extraida_revisar_clasificacion_contable
MU124-municipal-2026-07-215-21-02-001-007-001,MU124,Municipalidad de La Pintana,municipal,2026-07,215-21-02-001-007-001,215,ASIGNAC MUNICIPAL ART.24 Y 31 D.L.Nº3.551 DE 1981,72876419,CLP,1,02_pasivos_julio_2026_area_municipal.pdf,pdftotext_layout_regex,fila_extraida_revisar_clasificacion_contable
MU124-municipal-2026-07-215-21-02-001-009-005,MU124,Municipalidad de La Pintana,municipal,2026-07,215-21-02-001-009-005,215,"ASIGNACION ART. 1, LEY Nº 19.529",6743060,CLP,1,02_pasivos_julio_2026_area_municipal.pdf,pdftotext_layout_regex,fila_extraida_revisar_clasificacion_contable
MU124-municipal-2026-07-215-21-02-001-010-001,MU124,Municipalidad de La Pintana,municipal,2026-07,215-21-02-001-010-001,215,ASIG. POR PERDIDA DE CAJA,124746,CLP,1,02_pasivos_julio_2026_area_municipal.pdf,pdftotext_layout_regex,fila_extraida_revisar_clasificacion_contable
MU124-municipal-2026-07-215-21-02-001-013-001,MU124,Municipalidad de La Pintana,municipal,2026-07,215-21-02-001-013-001,215,"INCREMENTO PREVISIONAL ART.2, D.L.Nº3.501 DE 1980",13395862,CLP,1,02_pasivos_julio_2026_area_municipal.pdf,pdftotext_layout_regex,fila_extraida_revisar_clasificacion_contable
MU124-municipal-2026-07-215-21-02-001-013-002,MU124,Municipalidad de La Pintana,municipal,2026-07,215-21-02-001-013-002,215,"BONIFICAC COMPENSAT SALUD, ART.3 LEY Nº 18.566",5289111,CLP,1,02_pasivos_julio_2026_area_municipal.pdf,pdftotext_layout_regex,fila_extraida_revisar_clasificacion_contable
MU124-municipal-2026-07-215-21-02-001-013-003,MU124,Municipalidad de La Pintana,municipal,2026-07,215-21-02-001-013-003,215,"BONFICACION COMPENSATORIA, ART.10, LEY Nº 18.675",13075526,CLP,1,02_pasivos_julio_2026_area_municipal.pdf,pdftotext_layout_regex,fila_extraida_revisar_clasificacion_contable
MU124-municipal-2026-07-215-21-02-001-013-999,MU124,Municipalidad de La Pintana,municipal,2026-07,215-21-02-001-013-999,215,OTRAS ASIGNACIONES COMPENSATORIAS,16932938,CLP,1,02_pasivos_julio_2026_area_municipal.pdf,pdftotext_layout_regex,fila_extraida_revisar_clasificacion_contable
MU124-municipal-2026-07-215-21-02-001-014-001,MU124,Municipalidad de La Pintana,municipal,2026-07,215-21-02-001-014-001,215,"ASIGNACION UNICA ART.4, LEY Nº 18.717",6855405,CLP,1,02_pasivos_julio_2026_area_municipal.pdf,pdftotext_layout_regex,fila_extraida_revisar_clasificacion_contable
MU124-municipal-2026-07-215-21-02-001-014-999,MU124,Municipalidad de La Pintana,municipal,2026-07,215-21-02-001-014-999,215,OTRAS ASIG. SUSTITUTIVAS,226043,CLP,1,02_pasivos_julio_2026_area_municipal.pdf,pdftotext_layout_regex,fila_extraida_revisar_clasificacion_contable
MU124-municipal-2026-07-215-21-02-001-021-000,MU124,Municipalidad de La Pintana,municipal,2026-07,215-21-02-001-021-000,215,COMPONENTE BASE ASIGNACION DE DESEMPEÑO,66470326,CLP,1,02_pasivos_julio_2026_area_municipal.pdf,pdftotext_layout_regex,fila_extraida_revisar_clasificacion_contable
MU124-municipal-2026-07-215-21-02-002-002-000,MU124,Municipalidad de La Pintana,municipal,2026-07,215-21-02-002-002-000,215,OTRAS COTIZACIONES PREVISIONALES,12420775,CLP,1,02_pasivos_julio_2026_area_municipal.pdf,pdftotext_layout_regex,fila_extraida_revisar_clasificacion_contable
MU124-municipal-2026-07-215-21-02-003-001-001,MU124,Municipalidad de La Pintana,municipal,2026-07,215-21-02-003-001-001,215,"ASIGNAC MEJORAM GESTION MUNIC, ART.1 LEY Nº20.008",33678300,CLP,1,02_pasivos_julio_2026_area_municipal.pdf,pdftotext_layout_regex,fila_extraida_revisar_clasificacion_contable
MU124-municipal-2026-07-215-21-02-003-002-001,MU124,Municipalidad de La Pintana,municipal,2026-07,215-21-02-003-002-001,215,ASIG. MEJORAMIENTO DE LA GESTION MUNICIPAL,30332582,CLP,1,02_pasivos_julio_2026_area_municipal.pdf,pdftotext_layout_regex,fila_extraida_revisar_clasificacion_contable
MU124-municipal-2026-07-215-21-02-004-005-000,MU124,Municipalidad de La Pintana,municipal,2026-07,215-21-02-004-005-000,215,TRABAJOS EXTRAORDINARIOS CONTRATA,17202590,CLP,1,02_pasivos_julio_2026_area_municipal.pdf,pdftotext_layout_regex,fila_extraida_revisar_clasificacion_contable
MU124-municipal-2026-07-215-21-02-005-002-000,MU124,Municipalidad de La Pintana,municipal,2026-07,215-21-02-005-002-000,215,BONO DE ESCOLARIDAD,89164,CLP,1,02_pasivos_julio_2026_area_municipal.pdf,pdftotext_layout_regex,fila_extraida_revisar_clasificacion_contable
MU124-municipal-2026-07-215-21-02-005-004-000,MU124,Municipalidad de La Pintana,municipal,2026-07,215-21-02-005-004-000,215,BONIFICACION ADICIONAL AL BONO DE ESCOLARIDAD,37666,CLP,1,02_pasivos_julio_2026_area_municipal.pdf,pdftotext_layout_regex,fila_extraida_revisar_clasificacion_contable
MU124-municipal-2026-07-215-21-03-001-000-000,MU124,Municipalidad de La Pintana,municipal,2026-07,215-21-03-001-000-000,215,HONORARIOS A SUMA ALZADA- PERSONAS NATURALES,2000000,CLP,1,02_pasivos_julio_2026_area_municipal.pdf,pdftotext_layout_regex,fila_extraida_revisar_clasificacion_contable
MU124-municipal-2026-07-215-21-03-004-001-000,MU124,Municipalidad de La Pintana,municipal,2026-07,215-21-03-004-001-000,215,Sueldos,16059533,CLP,1,02_pasivos_julio_2026_area_municipal.pdf,pdftotext_layout_regex,fila_extraida_revisar_clasificacion_contable
MU124-municipal-2026-07-215-21-03-004-002-000,MU124,Municipalidad de La Pintana,municipal,2026-07,215-21-03-004-002-000,215,ESTABLECIMIENTO,1012277,CLP,1,02_pasivos_julio_2026_area_municipal.pdf,pdftotext_layout_regex,fila_extraida_revisar_clasificacion_contable
MU124-municipal-2026-07-215-21-03-004-003-000,MU124,Municipalidad de La Pintana,municipal,2026-07,215-21-03-004-003-000,215,REMUNERACIONES VARIABLES,1514663,CLP,1,02_pasivos_julio_2026_area_municipal.pdf,pdftotext_layout_regex,fila_extraida_revisar_clasificacion_contable
MU124-municipal-2026-07-215-22-01-002-000-000,MU124,Municipalidad de La Pintana,municipal,2026-07,215-22-01-002-000-000,215,PARA ANIMALES,997448,CLP,1,02_pasivos_julio_2026_area_municipal.pdf,pdftotext_layout_regex,fila_extraida_revisar_clasificacion_contable
MU124-municipal-2026-07-215-22-02-002-000-000,MU124,Municipalidad de La Pintana,municipal,2026-07,215-22-02-002-000-000,215,"VESTUARIO, ACCESORIOS Y PRENDAS DIVERSAS",1479171,CLP,1,02_pasivos_julio_2026_area_municipal.pdf,pdftotext_layout_regex,fila_extraida_revisar_clasificacion_contable
MU124-municipal-2026-07-215-22-03-001-000-000,MU124,Municipalidad de La Pintana,municipal,2026-07,215-22-03-001-000-000,215,PARA VEHICULOS,5500000,CLP,1,02_pasivos_julio_2026_area_municipal.pdf,pdftotext_layout_regex,fila_extraida_revisar_clasificacion_contable
MU124-municipal-2026-07-215-22-04-007-000-000,MU124,Municipalidad de La Pintana,municipal,2026-07,215-22-04-007-000-000,215,MATERIALES Y ÙTILES DE ASEO,234908,CLP,1,02_pasivos_julio_2026_area_municipal.pdf,pdftotext_layout_regex,fila_extraida_revisar_clasificacion_contable
MU124-municipal-2026-07-215-22-04-009-000-000,MU124,Municipalidad de La Pintana,municipal,2026-07,215-22-04-009-000-000,215,"INSUMOS, REPUESTOS Y ACCESORIOS COMPUTACIONALES",624275,CLP,1,02_pasivos_julio_2026_area_municipal.pdf,pdftotext_layout_regex,fila_extraida_revisar_clasificacion_contable
MU124-municipal-2026-07-215-22-04-010-000-000,MU124,Municipalidad de La Pintana,municipal,2026-07,215-22-04-010-000-000,215,MATERIALES PARA MANTENIM Y REPARAC DE INMUEBLES,11272431,CLP,1,02_pasivos_julio_2026_area_municipal.pdf,pdftotext_layout_regex,fila_extraida_revisar_clasificacion_contable
MU124-municipal-2026-07-215-22-04-012-000-000,MU124,Municipalidad de La Pintana,municipal,2026-07,215-22-04-012-000-000,215,"OTROS MATERIALES, REPUESTOS Y ÙTILES DIVERSOS",202776,CLP,1,02_pasivos_julio_2026_area_municipal.pdf,pdftotext_layout_regex,fila_extraida_revisar_clasificacion_contable
MU124-municipal-2026-07-215-22-05-001-000-000,MU124,Municipalidad de La Pintana,municipal,2026-07,215-22-05-001-000-000,215,ELECTRICIDAD,74952288,CLP,1,02_pasivos_julio_2026_area_municipal.pdf,pdftotext_layout_regex,fila_extraida_revisar_clasificacion_contable
MU124-municipal-2026-07-215-22-05-003-000-000,MU124,Municipalidad de La Pintana,municipal,2026-07,215-22-05-003-000-000,215,GAS,1983948,CLP,1,02_pasivos_julio_2026_area_municipal.pdf,pdftotext_layout_regex,fila_extraida_revisar_clasificacion_contable
MU124-municipal-2026-07-215-22-05-004-000-000,MU124,Municipalidad de La Pintana,municipal,2026-07,215-22-05-004-000-000,215,CORREO,75302,CLP,1,02_pasivos_julio_2026_area_municipal.pdf,pdftotext_layout_regex,fila_extraida_revisar_clasificacion_contable
MU124-municipal-2026-07-215-22-05-006-000-000,MU124,Municipalidad de La Pintana,municipal,2026-07,215-22-05-006-000-000,215,TELEFONIA CELULAR,963437,CLP,1,02_pasivos_julio_2026_area_municipal.pdf,pdftotext_layout_regex,fila_extraida_revisar_clasificacion_contable
MU124-municipal-2026-07-215-22-06-002-000-000,MU124,Municipalidad de La Pintana,municipal,2026-07,215-22-06-002-000-000,215,MANTENIMIENTO Y REPARACIÒN DE VEHÌCULOS,9173985,CLP,1,02_pasivos_julio_2026_area_municipal.pdf,pdftotext_layout_regex,fila_extraida_revisar_clasificacion_contable
MU124-municipal-2026-07-215-22-06-999-000-000,MU124,Municipalidad de La Pintana,municipal,2026-07,215-22-06-999-000-000,215,OTROS,7417032,CLP,1,02_pasivos_julio_2026_area_municipal.pdf,pdftotext_layout_regex,fila_extraida_revisar_clasificacion_contable
MU124-municipal-2026-07-215-22-07-002-000-000,MU124,Municipalidad de La Pintana,municipal,2026-07,215-22-07-002-000-000,215,SERVICIO DE IMPRESION,142800,CLP,1,02_pasivos_julio_2026_area_municipal.pdf,pdftotext_layout_regex,fila_extraida_revisar_clasificacion_contable
MU124-municipal-2026-07-215-22-07-999-000-000,MU124,Municipalidad de La Pintana,municipal,2026-07,215-22-07-999-000-000,215,OTROS,1331015,CLP,1,02_pasivos_julio_2026_area_municipal.pdf,pdftotext_layout_regex,fila_extraida_revisar_clasificacion_contable
MU124-municipal-2026-07-215-22-08-001-000-000,MU124,Municipalidad de La Pintana,municipal,2026-07,215-22-08-001-000-000,215,SERVICIOS DE ASEO,310686761,CLP,2,02_pasivos_julio_2026_area_municipal.pdf,pdftotext_layout_regex,fila_extraida_revisar_clasificacion_contable
MU124-municipal-2026-07-215-22-08-003-000-000,MU124,Municipalidad de La Pintana,municipal,2026-07,215-22-08-003-000-000,215,SERVICIOS MANTENCION DE JARDINES,201741642,CLP,2,02_pasivos_julio_2026_area_municipal.pdf,pdftotext_layout_regex,fila_extraida_revisar_clasificacion_contable
MU124-municipal-2026-07-215-22-08-004-000-000,MU124,Municipalidad de La Pintana,municipal,2026-07,215-22-08-004-000-000,215,SERVICIOS DE MANTENCIÓN DE ALUMBRADO PÙBLICO,26518422,CLP,2,02_pasivos_julio_2026_area_municipal.pdf,pdftotext_layout_regex,fila_extraida_revisar_clasificacion_contable
MU124-municipal-2026-07-215-22-08-005-000-000,MU124,Municipalidad de La Pintana,municipal,2026-07,215-22-08-005-000-000,215,SERVICIOS DE MANTENCIÓN DE SEMÀFOROS,6105602,CLP,2,02_pasivos_julio_2026_area_municipal.pdf,pdftotext_layout_regex,fila_extraida_revisar_clasificacion_contable
MU124-municipal-2026-07-215-22-08-007-000-000,MU124,Municipalidad de La Pintana,municipal,2026-07,215-22-08-007-000-000,215,"PASAJES, FLETES Y BODEGAJES",631561,CLP,2,02_pasivos_julio_2026_area_municipal.pdf,pdftotext_layout_regex,fila_extraida_revisar_clasificacion_contable
MU124-municipal-2026-07-215-22-08-999-000-000,MU124,Municipalidad de La Pintana,municipal,2026-07,215-22-08-999-000-000,215,OTROS,6392196,CLP,2,02_pasivos_julio_2026_area_municipal.pdf,pdftotext_layout_regex,fila_extraida_revisar_clasificacion_contable
MU124-municipal-2026-07-215-22-09-003-000-000,MU124,Municipalidad de La Pintana,municipal,2026-07,215-22-09-003-000-000,215,ARRIENDO DE VEHICULOS,60020000,CLP,2,02_pasivos_julio_2026_area_municipal.pdf,pdftotext_layout_regex,fila_extraida_revisar_clasificacion_contable
MU124-municipal-2026-07-215-22-09-999-000-000,MU124,Municipalidad de La Pintana,municipal,2026-07,215-22-09-999-000-000,215,OTROS ARRIENDOS,341890,CLP,2,02_pasivos_julio_2026_area_municipal.pdf,pdftotext_layout_regex,fila_extraida_revisar_clasificacion_contable
MU124-municipal-2026-07-215-22-10-002-000-000,MU124,Municipalidad de La Pintana,municipal,2026-07,215-22-10-002-000-000,215,PRIMAS Y GASTOS DE SEGUROS,285856,CLP,2,02_pasivos_julio_2026_area_municipal.pdf,pdftotext_layout_regex,fila_extraida_revisar_clasificacion_contable
MU124-municipal-2026-07-215-22-11-003-000-000,MU124,Municipalidad de La Pintana,municipal,2026-07,215-22-11-003-000-000,215,SERVICIOS INFORMÀTICOS,19167893,CLP,2,02_pasivos_julio_2026_area_municipal.pdf,pdftotext_layout_regex,fila_extraida_revisar_clasificacion_contable
MU124-municipal-2026-07-215-22-12-004-000-000,MU124,Municipalidad de La Pintana,municipal,2026-07,215-22-12-004-000-000,215,INTERESES MULTAS Y RECARGOS,23911,CLP,2,02_pasivos_julio_2026_area_municipal.pdf,pdftotext_layout_regex,fila_extraida_revisar_clasificacion_contable
MU124-municipal-2026-07-215-22-12-005-000-000,MU124,Municipalidad de La Pintana,municipal,2026-07,215-22-12-005-000-000,215,DERECHOS Y TASAS,23666,CLP,2,02_pasivos_julio_2026_area_municipal.pdf,pdftotext_layout_regex,fila_extraida_revisar_clasificacion_contable
MU124-municipal-2026-07-215-24-01-005-000-000,MU124,Municipalidad de La Pintana,municipal,2026-07,215-24-01-005-000-000,215,OTRAS PERSONAS JURIDCAS PRIVADAS,183333333,CLP,2,02_pasivos_julio_2026_area_municipal.pdf,pdftotext_layout_regex,fila_extraida_revisar_clasificacion_contable
MU124-municipal-2026-07-215-26-01-000-000-000,MU124,Municipalidad de La Pintana,municipal,2026-07,215-26-01-000-000-000,215,DEVOLUCIONES,500424,CLP,2,02_pasivos_julio_2026_area_municipal.pdf,pdftotext_layout_regex,fila_extraida_revisar_clasificacion_contable
MU124-municipal-2026-07-215-26-02-000-000-000,MU124,Municipalidad de La Pintana,municipal,2026-07,215-26-02-000-000-000,215,COMPENSACION POR DAÑOS A TERCEROS Y/O A LA PROPIEDAD,1392220,CLP,2,02_pasivos_julio_2026_area_municipal.pdf,pdftotext_layout_regex,fila_extraida_revisar_clasificacion_contable
MU124-municipal-2026-07-215-29-06-001-000-000,MU124,Municipalidad de La Pintana,municipal,2026-07,215-29-06-001-000-000,215,EQUIPOS COMPUTACIONALES Y PERIFERICOS,2524282,CLP,2,02_pasivos_julio_2026_area_municipal.pdf,pdftotext_layout_regex,fila_extraida_revisar_clasificacion_contable
MU124-municipal-2026-07-215-29-07-002-000-000,MU124,Municipalidad de La Pintana,municipal,2026-07,215-29-07-002-000-000,215,SISTEMAS DE INFORMACION,16275749,CLP,2,02_pasivos_julio_2026_area_municipal.pdf,pdftotext_layout_regex,fila_extraida_revisar_clasificacion_contable
MU124-municipal-2026-07-215-31-02-004-000-000,MU124,Municipalidad de La Pintana,municipal,2026-07,215-31-02-004-000-000,215,OBRAS CIVILES,100276537,CLP,2,02_pasivos_julio_2026_area_municipal.pdf,pdftotext_layout_regex,fila_extraida_revisar_clasificacion_contable
MU124-municipal-2026-07-215-31-02-005-000-000,MU124,Municipalidad de La Pintana,municipal,2026-07,215-31-02-005-000-000,215,EQUIPAMIENTO,28850346,CLP,2,02_pasivos_julio_2026_area_municipal.pdf,pdftotext_layout_regex,fila_extraida_revisar_clasificacion_contable
MU124-municipal-2026-07-215-34-07-000-000-000,MU124,Municipalidad de La Pintana,municipal,2026-07,215-34-07-000-000-000,215,DEUDA FLOTANTE,13288226,CLP,2,02_pasivos_julio_2026_area_municipal.pdf,pdftotext_layout_regex,fila_extraida_revisar_clasificacion_contable
