fid,tipo,nombre_original,dias_original,horario,puestos,sector_capa,ubicacion_original,decreto,nombre_publicado,ubicacion_publicada
1,FERIA LIBRE,VICENTE LLANOS,JUEVES Y DOMINGOS,09:00-14:45,150,SECTOR EL ROBLE,VICENTE LLANOS DESDE SAN FRANCISCO HASTA PASAJE GALA,DECRETO N° 1900/1279 DEL 14/09/2006,Vicente Llanos,"Vicente Llanos, desde San Francisco hasta pasaje Gala"
2,FERIA LIBRE,EL BOSQUE,JUEVES Y DOMINGOS,09:00-14:45,189,SECTOR EL ROBLE,DEL SEMBRADOR ENTRE EL BOSQUE Y PEDRO AGUIRRE CERDA,DECRETO N° 1900/1279 DEL 14/09/2006,El Bosque,"Del Sembrador, entre El Bosque y Pedro Aguirre Cerda"
3,FERIA LIBRE,SANTA MAGDALENA,MARTES Y VIERNES,09:00-14:45,209,SECTOR EL ROBLE,PEDRO AGUIRRE CERDA ENTRE AVENIDA EL OBSERVATORIO Y VIOLETA PARRA,DECRETO N° 1900/1279 DEL 14/09/2006,Santa Magdalena,"Pedro Aguirre Cerda, entre avenida El Observatorio y Violeta Parra"
4,FERIA LIBRE,ALMIRANTE LATORRE,MIERCOLES Y SABADOS,09:00-14:45,208,SECTOR EL ROBLE,ALMIRANTE LATORRE ENTRE AVENIDA EL OBERVATORIO Y VIOLETA PARRA,DECRETO N° 1900/1279 DEL 14/09/2006,Almirante Latorre,"Almirante Latorre, entre avenida El Observatorio y Violeta Parra"
5,FERIA PERSA,SAN FRANCISCO,"SABADO, DOMINGO Y FESTIVOS",09:00-22:00,11,SECTOR EL ROBLE,CELANOVA ENTRE SAN FRANCISCO Y PASAJE SAN MATIAS,DECRETO N° 1900/1279 DEL 14/09/2006,San Francisco,"Celanova, entre San Francisco y pasaje San Matías"
6,FERIA LIBRE,JOAQUIN EDWARDS BELLO,MIERCOLES Y SABADOS (CIRCUITO EL BOSQUE),09:00-14:45,167,SECTOR SANTO TOMAS,JOAQUIN EDWARDS BELLO ENTRE SANTO TOMAS Y PABLO VI,DECRETO N° 1900/1279 DEL 14/09/2006,Joaquín Edwards Bello,"Joaquín Edwards Bello, entre Santo Tomás y Pablo VI"
7,FERIA LIBRE,SANTO TOMAS (EX CONCIERTO 1),"MARTES, VIERNES Y DOMINGOS",09:00-14:45,154,SECTOR SANTO TOMAS,SANTO TOMAS ENTRE BAHIA CATALINA Y AVENIDA LA SERA (4 ORIENTE),DECRETO N° 1900/1279 DEL 14/09/2006,Santo Tomás (ex Concierto 1),"Santo Tomás, entre Bahía Catalina y avenida La Serena (4 Oriente)"
8,FERIA PERSA,GENERAL ARRIAGADA,"SABADO, DOMINGO Y FESTIVOS",09:00-22:00,219,SECTOR SANTO TOMAS,GENERAL ARRIAGADA ENTRE BAHIA CATALINA Y PASAJE CARMEN,DECRETO N° 1900/1279 DEL 14/09/2006,General Arriagada,"General Arriagada, entre Bahía Catalina y pasaje Carmen"
9,FERIA LIBRE,EL FUNDADOR,MARTES Y VIERNES,09:00-14:45,264,SECTOR EL CASTILLO,EL FUNDADOR ENTRE BATALLON CHACABUCO Y EL OMBU,DECRETO N° 1900/1279 DEL 14/09/2006,El Fundador,"El Fundador, entre Batallón Chacabuco y El Ombú"
10,FERIA LIBRE,EL OMBU,MIERCOLES Y SABADOS,09:00-14:45,323,SECTOR EL CASTILLO,EL OMBU ENTRE SEXTO DE LINEA Y EL HUALLE,DECRETO N° 1900/1279 DEL 14/09/2006,El Ombú,"El Ombú, entre Sexto de Línea y El Hualle"
11,FERIA LIBRE,21 DE MAYO,"MARTES, VIERNES Y DOMINGOS",09:00-14:45,341,SECTOR CENTRO,GENERAL BERNARDINO PARADA ENTRE JOSE TORIBIO MEDINA Y PROFESOR JULIO CHAVEZ,DECRETO N° 1900/1279 DEL 14/09/2006,21 de Mayo,"General Bernardino Parada, entre José Toribio Medina y Profesor Julio Chávez"
12,FERIA LIBRE,JOHN KENNEDY,MIERCOLES Y SABADOS,09:00-14:45,583,SECTOR CENTRO,JOHN KENNEDY ENTRE LO MARTINEZ Y LO BLANCO,DECRETO N° 1900/1279 DEL 14/09/2006,John Kennedy,"John Kennedy, entre Lo Martínez y Lo Blanco"
13,FERIA LIBRE,SAN RAFAEL,"MARTES, VIERNES Y DOMINGOS",09:00-14:45,313,SECTOR CENTRO,PADRE PABLO LAURIN ENTRE PORTO ALEGRE Y PATAGONIA,DECRETO N° 1900/1279 DEL 14/09/2006,San Rafael,"Padre Pablo Laurín, entre Porto Alegre y Patagonia"
14,FERIA LIBRE,J. RAMIREZ,JUEVES,09:00-14:45,397,SECTOR CENTRO,JULIO BARRENECHEA ENTRE ENTRE SAN FRANCISCO Y PROFESOR JULIO CHAVEZ,DECRETO N° 1900/1279 DEL 14/09/2006,J. Ramírez,"Julio Barrenechea, entre San Francisco y Profesor Julio Chávez"
15,FERIA LIBRE,LAS AGUILAS,MARTES,09:00-14:45,194,SECTOR EL ROBLE,LAS AGUILAS DESDE VIOLETA PARRA HASTA ANTONIO MACHADO Y DOBLANDO AL ORIENTE HASTA FRANCISCO DE GOYA,DECRETO N° 1900/1279 DEL 14/09/2006,Las Águilas,"Las Águilas, desde Violeta Parra hasta Antonio Machado y al oriente hasta Francisco de Goya"
28,FERIA LIBRE,AVENIDA LA SERENA (EX LAS PARCELAS EX CONCIERTO 2),MIERCOLES Y SABADOS,09:00-14:45,181,SECTOR SANTO TOMAS,AVENIDA LA SERNA (4 ORIENTE) ENTRE SANTO TOMAS Y GENERAL ARRIAGADA,DECRETO N° 00184/2021 DEL 15/02/2021,Avenida La Serena (ex Las Parcelas),"Avenida La Serena (4 Oriente), entre Santo Tomás y General Arriagada"
33,FERIA LIBRE,TONGOY,"MARTES, VIERNES Y DOMINGOS",09:00-14:45,127,SECTOR CENTRO,LIMITE ORIENTE Y PASAJE 6,DECRETO N° 2300/11/1763 DEL 05/10/2020,Tongoy,"Tongoy, entre el límite oriente de la comuna y el pasaje 6"
41,FERIA PERSA,EL LINGUE,"SABADO, DOMINGO Y FESTIVOS",09:00-22:00,90,SECTOR EL CASTILLO,EL LINGUE ENTRE JUANITA Y PASAJE EL LILEN,DECRETO N° 1900/1279 DEL 14/09/2006,El Lingue,"El Lingue, entre Juanita y pasaje El Lilén"
42,FERIA LIBRE,JUANITA,JUEVES Y DOMINGOS,09:00-14:45,312,SECTOR EL CASTILLO,JUANITA ENTRE EL OMBU Y BATALLON MAIPO,DECRETO N° 1900/1279 DEL 14/09/2006,Juanita,"Juanita, entre El Ombú y Batallón Maipo"
43,FERIA LIBRE,JOAQUIN EDWARDS BELLO,MIERCOLES Y SABADOS (CIRCUITO SANTO TOMAS),09:00-14:45,132,SECTOR SANTO TOMAS,JOAQUIN EDWARDS BELLO ENTRE SANTO TOMAS Y PABLO VI,DECRETO N° 1900/1279 DEL 14/09/2006,Joaquín Edwards Bello,"Joaquín Edwards Bello, entre Santo Tomás y Pablo VI"
