anio,ambito,dependencia,matricula
2020,La Pintana,municipal,5593
2020,La Pintana,particular_subvencionado,30324
2020,Región Metropolitana,administracion_delegada,21072
2020,Región Metropolitana,municipal,316612
2020,Región Metropolitana,particular_pagado,193249
2020,Región Metropolitana,particular_subvencionado,816987
2020,Región Metropolitana,slep,36927
2021,La Pintana,municipal,5523
2021,La Pintana,particular_subvencionado,30126
2021,Región Metropolitana,administracion_delegada,21307
2021,Región Metropolitana,municipal,317438
2021,Región Metropolitana,particular_pagado,188788
2021,Región Metropolitana,particular_subvencionado,816979
2021,Región Metropolitana,slep,35743
2022,La Pintana,municipal,5393
2022,La Pintana,particular_subvencionado,30061
2022,Región Metropolitana,administracion_delegada,21287
2022,Región Metropolitana,municipal,316501
2022,Región Metropolitana,particular_pagado,195401
2022,Región Metropolitana,particular_subvencionado,810865
2022,Región Metropolitana,slep,35380
2023,La Pintana,municipal,5089
2023,La Pintana,particular_subvencionado,29632
2023,Región Metropolitana,administracion_delegada,21480
2023,Región Metropolitana,municipal,312265
2023,Región Metropolitana,particular_pagado,194291
2023,Región Metropolitana,particular_subvencionado,804487
2023,Región Metropolitana,slep,34675
2024,La Pintana,municipal,4926
2024,La Pintana,particular_subvencionado,28793
2024,Región Metropolitana,administracion_delegada,21780
2024,Región Metropolitana,municipal,302890
2024,Región Metropolitana,particular_pagado,194621
2024,Región Metropolitana,particular_subvencionado,794041
2024,Región Metropolitana,slep,33559
2025,La Pintana,particular_subvencionado,27553
2025,La Pintana,slep,5153
2025,Región Metropolitana,administracion_delegada,22138
2025,Región Metropolitana,municipal,211620
2025,Región Metropolitana,particular_pagado,198808
2025,Región Metropolitana,particular_subvencionado,780643
2025,Región Metropolitana,slep,122152
