variable,codigo_comuna,comuna,anio,valor_publicado
ISAL005,13101,SANTIAGO,2017,28.92
ISAL005,13101,SANTIAGO,2018,29.23
ISAL005,13101,SANTIAGO,2019,30.0
ISAL005,13101,SANTIAGO,2020,29.26
ISAL005,13101,SANTIAGO,2021,29.38
ISAL005,13101,SANTIAGO,2022,30.96
ISAL005,13101,SANTIAGO,2023,
ISAL005,13101,SANTIAGO,2024,35.32
ISAL005,13101,SANTIAGO,2025,36.4
ISAL005,13102,CERRILLOS,2017,
ISAL005,13102,CERRILLOS,2018,
ISAL005,13102,CERRILLOS,2019,
ISAL005,13102,CERRILLOS,2020,0.0
ISAL005,13102,CERRILLOS,2021,0.0
ISAL005,13102,CERRILLOS,2022,0.0
ISAL005,13102,CERRILLOS,2023,
ISAL005,13102,CERRILLOS,2024,0.0
ISAL005,13102,CERRILLOS,2025,0.0
ISAL005,13103,CERRO NAVIA,2017,78.33
ISAL005,13103,CERRO NAVIA,2018,75.83
ISAL005,13103,CERRO NAVIA,2019,88.28
ISAL005,13103,CERRO NAVIA,2020,86.97
ISAL005,13103,CERRO NAVIA,2021,87.82
ISAL005,13103,CERRO NAVIA,2022,89.31
ISAL005,13103,CERRO NAVIA,2023,
ISAL005,13103,CERRO NAVIA,2024,91.98
ISAL005,13103,CERRO NAVIA,2025,92.76
ISAL005,13104,CONCHALÍ,2017,91.39
ISAL005,13104,CONCHALÍ,2018,88.43
ISAL005,13104,CONCHALÍ,2019,90.34
ISAL005,13104,CONCHALÍ,2020,86.98
ISAL005,13104,CONCHALÍ,2021,84.63
ISAL005,13104,CONCHALÍ,2022,84.13
ISAL005,13104,CONCHALÍ,2023,
ISAL005,13104,CONCHALÍ,2024,90.8
ISAL005,13104,CONCHALÍ,2025,89.82
ISAL005,13105,EL BOSQUE,2017,87.12
ISAL005,13105,EL BOSQUE,2018,87.81
ISAL005,13105,EL BOSQUE,2019,
ISAL005,13105,EL BOSQUE,2020,
ISAL005,13105,EL BOSQUE,2021,
ISAL005,13105,EL BOSQUE,2022,
ISAL005,13105,EL BOSQUE,2023,
ISAL005,13105,EL BOSQUE,2024,
ISAL005,13105,EL BOSQUE,2025,
ISAL005,13106,ESTACIÓN CENTRAL,2017,
ISAL005,13106,ESTACIÓN CENTRAL,2018,
ISAL005,13106,ESTACIÓN CENTRAL,2019,
ISAL005,13106,ESTACIÓN CENTRAL,2020,0.0
ISAL005,13106,ESTACIÓN CENTRAL,2021,0.0
ISAL005,13106,ESTACIÓN CENTRAL,2022,0.0
ISAL005,13106,ESTACIÓN CENTRAL,2023,
ISAL005,13106,ESTACIÓN CENTRAL,2024,0.0
ISAL005,13106,ESTACIÓN CENTRAL,2025,0.0
ISAL005,13107,HUECHURABA,2017,66.81
ISAL005,13107,HUECHURABA,2018,65.98
ISAL005,13107,HUECHURABA,2019,62.45
ISAL005,13107,HUECHURABA,2020,62.78
ISAL005,13107,HUECHURABA,2021,62.78
ISAL005,13107,HUECHURABA,2022,63.21
ISAL005,13107,HUECHURABA,2023,
ISAL005,13107,HUECHURABA,2024,64.56
ISAL005,13107,HUECHURABA,2025,65.04
ISAL005,13108,INDEPENDENCIA,2017,64.54
ISAL005,13108,INDEPENDENCIA,2018,70.53
ISAL005,13108,INDEPENDENCIA,2019,56.1
ISAL005,13108,INDEPENDENCIA,2020,52.08
ISAL005,13108,INDEPENDENCIA,2021,52.64
ISAL005,13108,INDEPENDENCIA,2022,56.18
ISAL005,13108,INDEPENDENCIA,2023,
ISAL005,13108,INDEPENDENCIA,2024,63.92
ISAL005,13108,INDEPENDENCIA,2025,65.87
ISAL005,13109,LA CISTERNA,2017,57.05
ISAL005,13109,LA CISTERNA,2018,57.66
ISAL005,13109,LA CISTERNA,2019,62.62
ISAL005,13109,LA CISTERNA,2020,62.73
ISAL005,13109,LA CISTERNA,2021,63.66
ISAL005,13109,LA CISTERNA,2022,68.9
ISAL005,13109,LA CISTERNA,2023,
ISAL005,13109,LA CISTERNA,2024,76.21
ISAL005,13109,LA CISTERNA,2025,78.64
ISAL005,13110,LA FLORIDA,2017,74.61
ISAL005,13110,LA FLORIDA,2018,74.61
ISAL005,13110,LA FLORIDA,2019,78.59
ISAL005,13110,LA FLORIDA,2020,77.67
ISAL005,13110,LA FLORIDA,2021,78.68
ISAL005,13110,LA FLORIDA,2022,81.98
ISAL005,13110,LA FLORIDA,2023,
ISAL005,13110,LA FLORIDA,2024,86.73
ISAL005,13110,LA FLORIDA,2025,88.72
ISAL005,13111,LA GRANJA,2017,
ISAL005,13111,LA GRANJA,2018,
ISAL005,13111,LA GRANJA,2019,
ISAL005,13111,LA GRANJA,2020,
ISAL005,13111,LA GRANJA,2021,
ISAL005,13111,LA GRANJA,2022,
ISAL005,13111,LA GRANJA,2023,
ISAL005,13111,LA GRANJA,2024,
ISAL005,13111,LA GRANJA,2025,
ISAL005,13112,LA PINTANA,2017,67.4
ISAL005,13112,LA PINTANA,2018,66.1
ISAL005,13112,LA PINTANA,2019,86.48
ISAL005,13112,LA PINTANA,2020,76.96
ISAL005,13112,LA PINTANA,2021,76.4
ISAL005,13112,LA PINTANA,2022,85.68
ISAL005,13112,LA PINTANA,2023,
ISAL005,13112,LA PINTANA,2024,78.55
ISAL005,13112,LA PINTANA,2025,78.78
ISAL005,13113,LA REINA,2017,32.07
ISAL005,13113,LA REINA,2018,32.06
ISAL005,13113,LA REINA,2019,37.75
ISAL005,13113,LA REINA,2020,37.24
ISAL005,13113,LA REINA,2021,38.18
ISAL005,13113,LA REINA,2022,39.95
ISAL005,13113,LA REINA,2023,
ISAL005,13113,LA REINA,2024,42.53
ISAL005,13113,LA REINA,2025,44.61
ISAL005,13114,LAS CONDES,2017,24.49
ISAL005,13114,LAS CONDES,2018,24.35
ISAL005,13114,LAS CONDES,2019,23.42
ISAL005,13114,LAS CONDES,2020,22.93
ISAL005,13114,LAS CONDES,2021,22.84
ISAL005,13114,LAS CONDES,2022,22.79
ISAL005,13114,LAS CONDES,2023,
ISAL005,13114,LAS CONDES,2024,23.71
ISAL005,13114,LAS CONDES,2025,23.97
ISAL005,13115,LO BARNECHEA,2017,37.16
ISAL005,13115,LO BARNECHEA,2018,36.43
ISAL005,13115,LO BARNECHEA,2019,35.58
ISAL005,13115,LO BARNECHEA,2020,34.03
ISAL005,13115,LO BARNECHEA,2021,33.47
ISAL005,13115,LO BARNECHEA,2022,33.4
ISAL005,13115,LO BARNECHEA,2023,
ISAL005,13115,LO BARNECHEA,2024,33.89
ISAL005,13115,LO BARNECHEA,2025,33.93
ISAL005,13116,LO ESPEJO,2017,76.72
ISAL005,13116,LO ESPEJO,2018,78.75
ISAL005,13116,LO ESPEJO,2019,94.59
ISAL005,13116,LO ESPEJO,2020,93.28
ISAL005,13116,LO ESPEJO,2021,93.6
ISAL005,13116,LO ESPEJO,2022,95.29
ISAL005,13116,LO ESPEJO,2023,
ISAL005,13116,LO ESPEJO,2024,99.01
ISAL005,13116,LO ESPEJO,2025,
ISAL005,13117,LO PRADO,2017,
ISAL005,13117,LO PRADO,2018,
ISAL005,13117,LO PRADO,2019,
ISAL005,13117,LO PRADO,2020,
ISAL005,13117,LO PRADO,2021,
ISAL005,13117,LO PRADO,2022,
ISAL005,13117,LO PRADO,2023,
ISAL005,13117,LO PRADO,2024,
ISAL005,13117,LO PRADO,2025,
ISAL005,13118,MACUL,2017,90.05
ISAL005,13118,MACUL,2018,87.84
ISAL005,13118,MACUL,2019,85.41
ISAL005,13118,MACUL,2020,84.61
ISAL005,13118,MACUL,2021,84.01
ISAL005,13118,MACUL,2022,85.36
ISAL005,13118,MACUL,2023,
ISAL005,13118,MACUL,2024,92.86
ISAL005,13118,MACUL,2025,96.27
ISAL005,13119,MAIPÚ,2017,26.94
ISAL005,13119,MAIPÚ,2018,26.31
ISAL005,13119,MAIPÚ,2019,27.39
ISAL005,13119,MAIPÚ,2020,27.1
ISAL005,13119,MAIPÚ,2021,27.02
ISAL005,13119,MAIPÚ,2022,29.2
ISAL005,13119,MAIPÚ,2023,
ISAL005,13119,MAIPÚ,2024,34.68
ISAL005,13119,MAIPÚ,2025,37.52
ISAL005,13120,ÑUÑOA,2017,30.53
ISAL005,13120,ÑUÑOA,2018,29.92
ISAL005,13120,ÑUÑOA,2019,30.81
ISAL005,13120,ÑUÑOA,2020,29.22
ISAL005,13120,ÑUÑOA,2021,28.91
ISAL005,13120,ÑUÑOA,2022,30.18
ISAL005,13120,ÑUÑOA,2023,
ISAL005,13120,ÑUÑOA,2024,34.83
ISAL005,13120,ÑUÑOA,2025,37.05
ISAL005,13121,PEDRO AGUIRRE CERDA,2017,80.88
ISAL005,13121,PEDRO AGUIRRE CERDA,2018,82.24
ISAL005,13121,PEDRO AGUIRRE CERDA,2019,
ISAL005,13121,PEDRO AGUIRRE CERDA,2020,
ISAL005,13121,PEDRO AGUIRRE CERDA,2021,
ISAL005,13121,PEDRO AGUIRRE CERDA,2022,
ISAL005,13121,PEDRO AGUIRRE CERDA,2023,
ISAL005,13121,PEDRO AGUIRRE CERDA,2024,
ISAL005,13121,PEDRO AGUIRRE CERDA,2025,
ISAL005,13122,PEÑALOLÉN,2017,84.49
ISAL005,13122,PEÑALOLÉN,2018,83.61
ISAL005,13122,PEÑALOLÉN,2019,79.91
ISAL005,13122,PEÑALOLÉN,2020,78.18
ISAL005,13122,PEÑALOLÉN,2021,77.27
ISAL005,13122,PEÑALOLÉN,2022,78.05
ISAL005,13122,PEÑALOLÉN,2023,
ISAL005,13122,PEÑALOLÉN,2024,78.06
ISAL005,13122,PEÑALOLÉN,2025,78.08
ISAL005,13123,PROVIDENCIA,2017,34.43
ISAL005,13123,PROVIDENCIA,2018,34.93
ISAL005,13123,PROVIDENCIA,2019,38.79
ISAL005,13123,PROVIDENCIA,2020,38.39
ISAL005,13123,PROVIDENCIA,2021,38.99
ISAL005,13123,PROVIDENCIA,2022,40.29
ISAL005,13123,PROVIDENCIA,2023,
ISAL005,13123,PROVIDENCIA,2024,43.25
ISAL005,13123,PROVIDENCIA,2025,44.67
ISAL005,13124,PUDAHUEL,2017,87.98
ISAL005,13124,PUDAHUEL,2018,85.7
ISAL005,13124,PUDAHUEL,2019,82.49
ISAL005,13124,PUDAHUEL,2020,80.84
ISAL005,13124,PUDAHUEL,2021,79.2
ISAL005,13124,PUDAHUEL,2022,79.94
ISAL005,13124,PUDAHUEL,2023,
ISAL005,13124,PUDAHUEL,2024,81.57
ISAL005,13124,PUDAHUEL,2025,81.77
ISAL005,13125,QUILICURA,2017,57.61
ISAL005,13125,QUILICURA,2018,55.8
ISAL005,13125,QUILICURA,2019,60.0
ISAL005,13125,QUILICURA,2020,57.48
ISAL005,13125,QUILICURA,2021,57.4
ISAL005,13125,QUILICURA,2022,57.99
ISAL005,13125,QUILICURA,2023,
ISAL005,13125,QUILICURA,2024,61.94
ISAL005,13125,QUILICURA,2025,62.94
ISAL005,13126,QUINTA NORMAL,2017,46.73
ISAL005,13126,QUINTA NORMAL,2018,47.86
ISAL005,13126,QUINTA NORMAL,2019,50.21
ISAL005,13126,QUINTA NORMAL,2020,48.69
ISAL005,13126,QUINTA NORMAL,2021,48.6
ISAL005,13126,QUINTA NORMAL,2022,50.19
ISAL005,13126,QUINTA NORMAL,2023,
ISAL005,13126,QUINTA NORMAL,2024,52.4
ISAL005,13126,QUINTA NORMAL,2025,52.31
ISAL005,13127,RECOLETA,2017,53.08
ISAL005,13127,RECOLETA,2018,52.55
ISAL005,13127,RECOLETA,2019,66.45
ISAL005,13127,RECOLETA,2020,51.35
ISAL005,13127,RECOLETA,2021,51.46
ISAL005,13127,RECOLETA,2022,64.74
ISAL005,13127,RECOLETA,2023,
ISAL005,13127,RECOLETA,2024,56.96
ISAL005,13127,RECOLETA,2025,56.97
ISAL005,13128,RENCA,2017,75.17
ISAL005,13128,RENCA,2018,75.47
ISAL005,13128,RENCA,2019,78.7
ISAL005,13128,RENCA,2020,78.76
ISAL005,13128,RENCA,2021,81.31
ISAL005,13128,RENCA,2022,83.79
ISAL005,13128,RENCA,2023,
ISAL005,13128,RENCA,2024,88.44
ISAL005,13128,RENCA,2025,89.19
ISAL005,13129,SAN JOAQUÍN,2017,85.12
ISAL005,13129,SAN JOAQUÍN,2018,83.81
ISAL005,13129,SAN JOAQUÍN,2019,87.9
ISAL005,13129,SAN JOAQUÍN,2020,87.09
ISAL005,13129,SAN JOAQUÍN,2021,86.78
ISAL005,13129,SAN JOAQUÍN,2022,88.08
ISAL005,13129,SAN JOAQUÍN,2023,
ISAL005,13129,SAN JOAQUÍN,2024,93.84
ISAL005,13129,SAN JOAQUÍN,2025,95.01
ISAL005,13130,SAN MIGUEL,2017,56.5
ISAL005,13130,SAN MIGUEL,2018,56.1
ISAL005,13130,SAN MIGUEL,2019,60.31
ISAL005,13130,SAN MIGUEL,2020,58.46
ISAL005,13130,SAN MIGUEL,2021,59.47
ISAL005,13130,SAN MIGUEL,2022,63.84
ISAL005,13130,SAN MIGUEL,2023,
ISAL005,13130,SAN MIGUEL,2024,71.15
ISAL005,13130,SAN MIGUEL,2025,75.94
ISAL005,13131,SAN RAMÓN,2017,79.17
ISAL005,13131,SAN RAMÓN,2018,79.33
ISAL005,13131,SAN RAMÓN,2019,91.8
ISAL005,13131,SAN RAMÓN,2020,92.93
ISAL005,13131,SAN RAMÓN,2021,92.57
ISAL005,13131,SAN RAMÓN,2022,93.11
ISAL005,13131,SAN RAMÓN,2023,
ISAL005,13131,SAN RAMÓN,2024,
ISAL005,13131,SAN RAMÓN,2025,
ISAL005,13132,VITACURA,2017,18.77
ISAL005,13132,VITACURA,2018,18.96
ISAL005,13132,VITACURA,2019,19.26
ISAL005,13132,VITACURA,2020,18.58
ISAL005,13132,VITACURA,2021,18.47
ISAL005,13132,VITACURA,2022,18.55
ISAL005,13132,VITACURA,2023,
ISAL005,13132,VITACURA,2024,19.96
ISAL005,13132,VITACURA,2025,20.61
ISAL005,13201,PUENTE ALTO,2017,55.11
ISAL005,13201,PUENTE ALTO,2018,54.61
ISAL005,13201,PUENTE ALTO,2019,64.57
ISAL005,13201,PUENTE ALTO,2020,55.94
ISAL005,13201,PUENTE ALTO,2021,54.96
ISAL005,13201,PUENTE ALTO,2022,62.14
ISAL005,13201,PUENTE ALTO,2023,
ISAL005,13201,PUENTE ALTO,2024,58.08
ISAL005,13201,PUENTE ALTO,2025,59.04
ISAL005,13202,PIRQUE,2017,83.74
ISAL005,13202,PIRQUE,2018,83.96
ISAL005,13202,PIRQUE,2019,70.2
ISAL005,13202,PIRQUE,2020,70.19
ISAL005,13202,PIRQUE,2021,71.05
ISAL005,13202,PIRQUE,2022,73.68
ISAL005,13202,PIRQUE,2023,
ISAL005,13202,PIRQUE,2024,77.21
ISAL005,13202,PIRQUE,2025,78.18
ISAL005,13203,SAN JOSÉ DE MAIPO,2017,13.14
ISAL005,13203,SAN JOSÉ DE MAIPO,2018,12.56
ISAL005,13203,SAN JOSÉ DE MAIPO,2019,13.24
ISAL005,13203,SAN JOSÉ DE MAIPO,2020,13.23
ISAL005,13203,SAN JOSÉ DE MAIPO,2021,13.36
ISAL005,13203,SAN JOSÉ DE MAIPO,2022,12.95
ISAL005,13203,SAN JOSÉ DE MAIPO,2023,
ISAL005,13203,SAN JOSÉ DE MAIPO,2024,12.29
ISAL005,13203,SAN JOSÉ DE MAIPO,2025,12.31
ISAL005,13301,COLINA,2017,68.84
ISAL005,13301,COLINA,2018,68.99
ISAL005,13301,COLINA,2019,55.07
ISAL005,13301,COLINA,2020,52.79
ISAL005,13301,COLINA,2021,54.09
ISAL005,13301,COLINA,2022,58.36
ISAL005,13301,COLINA,2023,
ISAL005,13301,COLINA,2024,63.66
ISAL005,13301,COLINA,2025,65.56
ISAL005,13302,LAMPA,2017,55.0
ISAL005,13302,LAMPA,2018,53.83
ISAL005,13302,LAMPA,2019,52.61
ISAL005,13302,LAMPA,2020,52.23
ISAL005,13302,LAMPA,2021,54.15
ISAL005,13302,LAMPA,2022,56.54
ISAL005,13302,LAMPA,2023,
ISAL005,13302,LAMPA,2024,60.21
ISAL005,13302,LAMPA,2025,60.71
ISAL005,13303,TILTIL,2017,62.13
ISAL005,13303,TILTIL,2018,67.26
ISAL005,13303,TILTIL,2019,64.63
ISAL005,13303,TILTIL,2020,64.44
ISAL005,13303,TILTIL,2021,63.75
ISAL005,13303,TILTIL,2022,62.81
ISAL005,13303,TILTIL,2023,
ISAL005,13303,TILTIL,2024,74.83
ISAL005,13303,TILTIL,2025,76.67
ISAL005,13401,SAN BERNARDO,2017,75.73
ISAL005,13401,SAN BERNARDO,2018,75.75
ISAL005,13401,SAN BERNARDO,2019,72.42
ISAL005,13401,SAN BERNARDO,2020,71.23
ISAL005,13401,SAN BERNARDO,2021,70.57
ISAL005,13401,SAN BERNARDO,2022,71.74
ISAL005,13401,SAN BERNARDO,2023,
ISAL005,13401,SAN BERNARDO,2024,73.26
ISAL005,13401,SAN BERNARDO,2025,74.1
ISAL005,13402,BUIN,2017,92.98
ISAL005,13402,BUIN,2018,92.32
ISAL005,13402,BUIN,2019,80.37
ISAL005,13402,BUIN,2020,79.93
ISAL005,13402,BUIN,2021,79.83
ISAL005,13402,BUIN,2022,80.95
ISAL005,13402,BUIN,2023,
ISAL005,13402,BUIN,2024,83.38
ISAL005,13402,BUIN,2025,84.09
ISAL005,13403,CALERA DE TANGO,2017,59.35
ISAL005,13403,CALERA DE TANGO,2018,60.83
ISAL005,13403,CALERA DE TANGO,2019,63.04
ISAL005,13403,CALERA DE TANGO,2020,62.52
ISAL005,13403,CALERA DE TANGO,2021,62.75
ISAL005,13403,CALERA DE TANGO,2022,63.08
ISAL005,13403,CALERA DE TANGO,2023,
ISAL005,13403,CALERA DE TANGO,2024,64.71
ISAL005,13403,CALERA DE TANGO,2025,64.55
ISAL005,13404,PAINE,2017,82.44
ISAL005,13404,PAINE,2018,81.98
ISAL005,13404,PAINE,2019,78.42
ISAL005,13404,PAINE,2020,76.16
ISAL005,13404,PAINE,2021,78.52
ISAL005,13404,PAINE,2022,80.62
ISAL005,13404,PAINE,2023,
ISAL005,13404,PAINE,2024,83.98
ISAL005,13404,PAINE,2025,86.25
ISAL005,13501,MELIPILLA,2017,85.7
ISAL005,13501,MELIPILLA,2018,84.29
ISAL005,13501,MELIPILLA,2019,77.53
ISAL005,13501,MELIPILLA,2020,76.4
ISAL005,13501,MELIPILLA,2021,77.87
ISAL005,13501,MELIPILLA,2022,80.02
ISAL005,13501,MELIPILLA,2023,
ISAL005,13501,MELIPILLA,2024,85.61
ISAL005,13501,MELIPILLA,2025,88.33
ISAL005,13502,ALHUÉ,2017,
ISAL005,13502,ALHUÉ,2018,
ISAL005,13502,ALHUÉ,2019,93.48
ISAL005,13502,ALHUÉ,2020,90.47
ISAL005,13502,ALHUÉ,2021,91.55
ISAL005,13502,ALHUÉ,2022,94.26
ISAL005,13502,ALHUÉ,2023,
ISAL005,13502,ALHUÉ,2024,
ISAL005,13502,ALHUÉ,2025,
ISAL005,13503,CURACAVÍ,2017,
ISAL005,13503,CURACAVÍ,2018,
ISAL005,13503,CURACAVÍ,2019,
ISAL005,13503,CURACAVÍ,2020,0.0
ISAL005,13503,CURACAVÍ,2021,0.0
ISAL005,13503,CURACAVÍ,2022,0.0
ISAL005,13503,CURACAVÍ,2023,
ISAL005,13503,CURACAVÍ,2024,0.0
ISAL005,13503,CURACAVÍ,2025,0.0
ISAL005,13504,MARÍA PINTO,2017,91.27
ISAL005,13504,MARÍA PINTO,2018,90.9
ISAL005,13504,MARÍA PINTO,2019,93.89
ISAL005,13504,MARÍA PINTO,2020,94.58
ISAL005,13504,MARÍA PINTO,2021,96.56
ISAL005,13504,MARÍA PINTO,2022,
ISAL005,13504,MARÍA PINTO,2023,
ISAL005,13504,MARÍA PINTO,2024,
ISAL005,13504,MARÍA PINTO,2025,
ISAL005,13505,SAN PEDRO,2017,81.83
ISAL005,13505,SAN PEDRO,2018,85.45
ISAL005,13505,SAN PEDRO,2019,87.38
ISAL005,13505,SAN PEDRO,2020,89.59
ISAL005,13505,SAN PEDRO,2021,95.38
ISAL005,13505,SAN PEDRO,2022,
ISAL005,13505,SAN PEDRO,2023,
ISAL005,13505,SAN PEDRO,2024,
ISAL005,13505,SAN PEDRO,2025,
ISAL005,13601,TALAGANTE,2017,77.17
ISAL005,13601,TALAGANTE,2018,75.52
ISAL005,13601,TALAGANTE,2019,67.66
ISAL005,13601,TALAGANTE,2020,66.82
ISAL005,13601,TALAGANTE,2021,66.11
ISAL005,13601,TALAGANTE,2022,67.06
ISAL005,13601,TALAGANTE,2023,
ISAL005,13601,TALAGANTE,2024,68.75
ISAL005,13601,TALAGANTE,2025,70.86
ISAL005,13602,EL MONTE,2017,79.51
ISAL005,13602,EL MONTE,2018,77.38
ISAL005,13602,EL MONTE,2019,76.16
ISAL005,13602,EL MONTE,2020,74.85
ISAL005,13602,EL MONTE,2021,74.08
ISAL005,13602,EL MONTE,2022,79.06
ISAL005,13602,EL MONTE,2023,
ISAL005,13602,EL MONTE,2024,82.44
ISAL005,13602,EL MONTE,2025,82.81
ISAL005,13603,ISLA DE MAIPO,2017,81.95
ISAL005,13603,ISLA DE MAIPO,2018,81.46
ISAL005,13603,ISLA DE MAIPO,2019,81.91
ISAL005,13603,ISLA DE MAIPO,2020,80.71
ISAL005,13603,ISLA DE MAIPO,2021,80.71
ISAL005,13603,ISLA DE MAIPO,2022,80.6
ISAL005,13603,ISLA DE MAIPO,2023,
ISAL005,13603,ISLA DE MAIPO,2024,84.8
ISAL005,13603,ISLA DE MAIPO,2025,87.76
ISAL005,13604,PADRE HURTADO,2017,76.7
ISAL005,13604,PADRE HURTADO,2018,75.38
ISAL005,13604,PADRE HURTADO,2019,66.58
ISAL005,13604,PADRE HURTADO,2020,64.33
ISAL005,13604,PADRE HURTADO,2021,63.46
ISAL005,13604,PADRE HURTADO,2022,65.53
ISAL005,13604,PADRE HURTADO,2023,
ISAL005,13604,PADRE HURTADO,2024,71.5
ISAL005,13604,PADRE HURTADO,2025,73.56
ISAL005,13605,PEÑAFLOR,2017,80.28
ISAL005,13605,PEÑAFLOR,2018,79.9
ISAL005,13605,PEÑAFLOR,2019,79.08
ISAL005,13605,PEÑAFLOR,2020,77.56
ISAL005,13605,PEÑAFLOR,2021,76.36
ISAL005,13605,PEÑAFLOR,2022,76.54
ISAL005,13605,PEÑAFLOR,2023,
ISAL005,13605,PEÑAFLOR,2024,77.68
ISAL005,13605,PEÑAFLOR,2025,77.38
ISAL23,13101,SANTIAGO,2017,173.0
ISAL23,13101,SANTIAGO,2018,195.0
ISAL23,13101,SANTIAGO,2019,165.0
ISAL23,13101,SANTIAGO,2020,167.0
ISAL23,13101,SANTIAGO,2021,179.0
ISAL23,13101,SANTIAGO,2022,170.0
ISAL23,13101,SANTIAGO,2023,
ISAL23,13101,SANTIAGO,2024,172.0
ISAL23,13101,SANTIAGO,2025,174.0
ISAL23,13102,CERRILLOS,2017,
ISAL23,13102,CERRILLOS,2018,
ISAL23,13102,CERRILLOS,2019,
ISAL23,13102,CERRILLOS,2020,
ISAL23,13102,CERRILLOS,2021,
ISAL23,13102,CERRILLOS,2022,
ISAL23,13102,CERRILLOS,2023,
ISAL23,13102,CERRILLOS,2024,
ISAL23,13102,CERRILLOS,2025,
ISAL23,13103,CERRO NAVIA,2017,160.0
ISAL23,13103,CERRO NAVIA,2018,170.0
ISAL23,13103,CERRO NAVIA,2019,184.0
ISAL23,13103,CERRO NAVIA,2020,206.0
ISAL23,13103,CERRO NAVIA,2021,214.0
ISAL23,13103,CERRO NAVIA,2022,221.0
ISAL23,13103,CERRO NAVIA,2023,
ISAL23,13103,CERRO NAVIA,2024,218.0
ISAL23,13103,CERRO NAVIA,2025,189.0
ISAL23,13104,CONCHALÍ,2017,154.0
ISAL23,13104,CONCHALÍ,2018,208.0
ISAL23,13104,CONCHALÍ,2019,193.0
ISAL23,13104,CONCHALÍ,2020,61.0
ISAL23,13104,CONCHALÍ,2021,226.0
ISAL23,13104,CONCHALÍ,2022,212.0
ISAL23,13104,CONCHALÍ,2023,
ISAL23,13104,CONCHALÍ,2024,223.0
ISAL23,13104,CONCHALÍ,2025,234.0
ISAL23,13105,EL BOSQUE,2017,168.0
ISAL23,13105,EL BOSQUE,2018,177.0
ISAL23,13105,EL BOSQUE,2019,180.0
ISAL23,13105,EL BOSQUE,2020,205.0
ISAL23,13105,EL BOSQUE,2021,232.0
ISAL23,13105,EL BOSQUE,2022,216.0
ISAL23,13105,EL BOSQUE,2023,
ISAL23,13105,EL BOSQUE,2024,243.0
ISAL23,13105,EL BOSQUE,2025,264.0
ISAL23,13106,ESTACIÓN CENTRAL,2017,
ISAL23,13106,ESTACIÓN CENTRAL,2018,
ISAL23,13106,ESTACIÓN CENTRAL,2019,
ISAL23,13106,ESTACIÓN CENTRAL,2020,
ISAL23,13106,ESTACIÓN CENTRAL,2021,
ISAL23,13106,ESTACIÓN CENTRAL,2022,
ISAL23,13106,ESTACIÓN CENTRAL,2023,
ISAL23,13106,ESTACIÓN CENTRAL,2024,
ISAL23,13106,ESTACIÓN CENTRAL,2025,
ISAL23,13107,HUECHURABA,2017,239.0
ISAL23,13107,HUECHURABA,2018,269.0
ISAL23,13107,HUECHURABA,2019,274.0
ISAL23,13107,HUECHURABA,2020,293.0
ISAL23,13107,HUECHURABA,2021,303.0
ISAL23,13107,HUECHURABA,2022,284.0
ISAL23,13107,HUECHURABA,2023,
ISAL23,13107,HUECHURABA,2024,286.0
ISAL23,13107,HUECHURABA,2025,294.0
ISAL23,13108,INDEPENDENCIA,2017,166.0
ISAL23,13108,INDEPENDENCIA,2018,173.0
ISAL23,13108,INDEPENDENCIA,2019,168.0
ISAL23,13108,INDEPENDENCIA,2020,168.0
ISAL23,13108,INDEPENDENCIA,2021,176.0
ISAL23,13108,INDEPENDENCIA,2022,157.0
ISAL23,13108,INDEPENDENCIA,2023,
ISAL23,13108,INDEPENDENCIA,2024,162.0
ISAL23,13108,INDEPENDENCIA,2025,169.0
ISAL23,13109,LA CISTERNA,2017,174.0
ISAL23,13109,LA CISTERNA,2018,180.0
ISAL23,13109,LA CISTERNA,2019,166.0
ISAL23,13109,LA CISTERNA,2020,180.0
ISAL23,13109,LA CISTERNA,2021,210.0
ISAL23,13109,LA CISTERNA,2022,181.0
ISAL23,13109,LA CISTERNA,2023,
ISAL23,13109,LA CISTERNA,2024,211.0
ISAL23,13109,LA CISTERNA,2025,222.0
ISAL23,13110,LA FLORIDA,2017,213.0
ISAL23,13110,LA FLORIDA,2018,195.0
ISAL23,13110,LA FLORIDA,2019,201.0
ISAL23,13110,LA FLORIDA,2020,195.0
ISAL23,13110,LA FLORIDA,2021,256.0
ISAL23,13110,LA FLORIDA,2022,198.0
ISAL23,13110,LA FLORIDA,2023,
ISAL23,13110,LA FLORIDA,2024,228.0
ISAL23,13110,LA FLORIDA,2025,229.0
ISAL23,13111,LA GRANJA,2017,158.0
ISAL23,13111,LA GRANJA,2018,179.0
ISAL23,13111,LA GRANJA,2019,196.0
ISAL23,13111,LA GRANJA,2020,209.0
ISAL23,13111,LA GRANJA,2021,3.0
ISAL23,13111,LA GRANJA,2022,216.0
ISAL23,13111,LA GRANJA,2023,
ISAL23,13111,LA GRANJA,2024,245.0
ISAL23,13111,LA GRANJA,2025,263.0
ISAL23,13112,LA PINTANA,2017,199.0
ISAL23,13112,LA PINTANA,2018,208.0
ISAL23,13112,LA PINTANA,2019,193.0
ISAL23,13112,LA PINTANA,2020,234.0
ISAL23,13112,LA PINTANA,2021,226.0
ISAL23,13112,LA PINTANA,2022,196.0
ISAL23,13112,LA PINTANA,2023,
ISAL23,13112,LA PINTANA,2024,283.0
ISAL23,13112,LA PINTANA,2025,281.0
ISAL23,13113,LA REINA,2017,290.0
ISAL23,13113,LA REINA,2018,311.0
ISAL23,13113,LA REINA,2019,295.0
ISAL23,13113,LA REINA,2020,302.0
ISAL23,13113,LA REINA,2021,327.0
ISAL23,13113,LA REINA,2022,314.0
ISAL23,13113,LA REINA,2023,
ISAL23,13113,LA REINA,2024,341.0
ISAL23,13113,LA REINA,2025,317.0
ISAL23,13114,LAS CONDES,2017,332.0
ISAL23,13114,LAS CONDES,2018,345.0
ISAL23,13114,LAS CONDES,2019,345.0
ISAL23,13114,LAS CONDES,2020,365.0
ISAL23,13114,LAS CONDES,2021,488.0
ISAL23,13114,LAS CONDES,2022,433.0
ISAL23,13114,LAS CONDES,2023,
ISAL23,13114,LAS CONDES,2024,352.0
ISAL23,13114,LAS CONDES,2025,340.0
ISAL23,13115,LO BARNECHEA,2017,242.0
ISAL23,13115,LO BARNECHEA,2018,273.0
ISAL23,13115,LO BARNECHEA,2019,269.0
ISAL23,13115,LO BARNECHEA,2020,320.0
ISAL23,13115,LO BARNECHEA,2021,339.0
ISAL23,13115,LO BARNECHEA,2022,327.0
ISAL23,13115,LO BARNECHEA,2023,
ISAL23,13115,LO BARNECHEA,2024,405.0
ISAL23,13115,LO BARNECHEA,2025,409.0
ISAL23,13116,LO ESPEJO,2017,190.0
ISAL23,13116,LO ESPEJO,2018,191.0
ISAL23,13116,LO ESPEJO,2019,188.0
ISAL23,13116,LO ESPEJO,2020,196.0
ISAL23,13116,LO ESPEJO,2021,203.0
ISAL23,13116,LO ESPEJO,2022,204.0
ISAL23,13116,LO ESPEJO,2023,
ISAL23,13116,LO ESPEJO,2024,272.0
ISAL23,13116,LO ESPEJO,2025,268.0
ISAL23,13117,LO PRADO,2017,165.0
ISAL23,13117,LO PRADO,2018,182.0
ISAL23,13117,LO PRADO,2019,192.0
ISAL23,13117,LO PRADO,2020,213.0
ISAL23,13117,LO PRADO,2021,224.0
ISAL23,13117,LO PRADO,2022,200.0
ISAL23,13117,LO PRADO,2023,
ISAL23,13117,LO PRADO,2024,236.0
ISAL23,13117,LO PRADO,2025,244.0
ISAL23,13118,MACUL,2017,182.0
ISAL23,13118,MACUL,2018,202.0
ISAL23,13118,MACUL,2019,203.0
ISAL23,13118,MACUL,2020,237.0
ISAL23,13118,MACUL,2021,260.0
ISAL23,13118,MACUL,2022,229.0
ISAL23,13118,MACUL,2023,
ISAL23,13118,MACUL,2024,233.0
ISAL23,13118,MACUL,2025,225.0
ISAL23,13119,MAIPÚ,2017,159.0
ISAL23,13119,MAIPÚ,2018,164.0
ISAL23,13119,MAIPÚ,2019,182.0
ISAL23,13119,MAIPÚ,2020,193.0
ISAL23,13119,MAIPÚ,2021,200.0
ISAL23,13119,MAIPÚ,2022,197.0
ISAL23,13119,MAIPÚ,2023,
ISAL23,13119,MAIPÚ,2024,205.0
ISAL23,13119,MAIPÚ,2025,196.0
ISAL23,13120,ÑUÑOA,2017,252.0
ISAL23,13120,ÑUÑOA,2018,270.0
ISAL23,13120,ÑUÑOA,2019,272.0
ISAL23,13120,ÑUÑOA,2020,391.0
ISAL23,13120,ÑUÑOA,2021,389.0
ISAL23,13120,ÑUÑOA,2022,357.0
ISAL23,13120,ÑUÑOA,2023,
ISAL23,13120,ÑUÑOA,2024,320.0
ISAL23,13120,ÑUÑOA,2025,301.0
ISAL23,13121,PEDRO AGUIRRE CERDA,2017,181.0
ISAL23,13121,PEDRO AGUIRRE CERDA,2018,200.0
ISAL23,13121,PEDRO AGUIRRE CERDA,2019,177.0
ISAL23,13121,PEDRO AGUIRRE CERDA,2020,200.0
ISAL23,13121,PEDRO AGUIRRE CERDA,2021,218.0
ISAL23,13121,PEDRO AGUIRRE CERDA,2022,221.0
ISAL23,13121,PEDRO AGUIRRE CERDA,2023,
ISAL23,13121,PEDRO AGUIRRE CERDA,2024,257.0
ISAL23,13121,PEDRO AGUIRRE CERDA,2025,266.0
ISAL23,13122,PEÑALOLÉN,2017,145.0
ISAL23,13122,PEÑALOLÉN,2018,163.0
ISAL23,13122,PEÑALOLÉN,2019,174.0
ISAL23,13122,PEÑALOLÉN,2020,182.0
ISAL23,13122,PEÑALOLÉN,2021,194.0
ISAL23,13122,PEÑALOLÉN,2022,186.0
ISAL23,13122,PEÑALOLÉN,2023,
ISAL23,13122,PEÑALOLÉN,2024,211.0
ISAL23,13122,PEÑALOLÉN,2025,219.0
ISAL23,13123,PROVIDENCIA,2017,292.0
ISAL23,13123,PROVIDENCIA,2018,301.0
ISAL23,13123,PROVIDENCIA,2019,277.0
ISAL23,13123,PROVIDENCIA,2020,313.0
ISAL23,13123,PROVIDENCIA,2021,328.0
ISAL23,13123,PROVIDENCIA,2022,287.0
ISAL23,13123,PROVIDENCIA,2023,
ISAL23,13123,PROVIDENCIA,2024,306.0
ISAL23,13123,PROVIDENCIA,2025,281.0
ISAL23,13124,PUDAHUEL,2017,159.0
ISAL23,13124,PUDAHUEL,2018,178.0
ISAL23,13124,PUDAHUEL,2019,194.0
ISAL23,13124,PUDAHUEL,2020,209.0
ISAL23,13124,PUDAHUEL,2021,229.0
ISAL23,13124,PUDAHUEL,2022,225.0
ISAL23,13124,PUDAHUEL,2023,
ISAL23,13124,PUDAHUEL,2024,264.0
ISAL23,13124,PUDAHUEL,2025,267.0
ISAL23,13125,QUILICURA,2017,206.0
ISAL23,13125,QUILICURA,2018,209.0
ISAL23,13125,QUILICURA,2019,182.0
ISAL23,13125,QUILICURA,2020,188.0
ISAL23,13125,QUILICURA,2021,206.0
ISAL23,13125,QUILICURA,2022,208.0
ISAL23,13125,QUILICURA,2023,
ISAL23,13125,QUILICURA,2024,239.0
ISAL23,13125,QUILICURA,2025,46.0
ISAL23,13126,QUINTA NORMAL,2017,211.0
ISAL23,13126,QUINTA NORMAL,2018,216.0
ISAL23,13126,QUINTA NORMAL,2019,199.0
ISAL23,13126,QUINTA NORMAL,2020,8301.0
ISAL23,13126,QUINTA NORMAL,2021,228.0
ISAL23,13126,QUINTA NORMAL,2022,214.0
ISAL23,13126,QUINTA NORMAL,2023,
ISAL23,13126,QUINTA NORMAL,2024,227.0
ISAL23,13126,QUINTA NORMAL,2025,243.0
ISAL23,13127,RECOLETA,2017,206.0
ISAL23,13127,RECOLETA,2018,229.0
ISAL23,13127,RECOLETA,2019,188.0
ISAL23,13127,RECOLETA,2020,240.0
ISAL23,13127,RECOLETA,2021,235.0
ISAL23,13127,RECOLETA,2022,192.0
ISAL23,13127,RECOLETA,2023,
ISAL23,13127,RECOLETA,2024,235.0
ISAL23,13127,RECOLETA,2025,238.0
ISAL23,13128,RENCA,2017,140.0
ISAL23,13128,RENCA,2018,145.0
ISAL23,13128,RENCA,2019,154.0
ISAL23,13128,RENCA,2020,173.0
ISAL23,13128,RENCA,2021,182.0
ISAL23,13128,RENCA,2022,179.0
ISAL23,13128,RENCA,2023,
ISAL23,13128,RENCA,2024,201.0
ISAL23,13128,RENCA,2025,199.0
ISAL23,13129,SAN JOAQUÍN,2017,172.0
ISAL23,13129,SAN JOAQUÍN,2018,202.0
ISAL23,13129,SAN JOAQUÍN,2019,203.0
ISAL23,13129,SAN JOAQUÍN,2020,234.0
ISAL23,13129,SAN JOAQUÍN,2021,263.0
ISAL23,13129,SAN JOAQUÍN,2022,255.0
ISAL23,13129,SAN JOAQUÍN,2023,
ISAL23,13129,SAN JOAQUÍN,2024,284.0
ISAL23,13129,SAN JOAQUÍN,2025,281.0
ISAL23,13130,SAN MIGUEL,2017,145.0
ISAL23,13130,SAN MIGUEL,2018,162.0
ISAL23,13130,SAN MIGUEL,2019,156.0
ISAL23,13130,SAN MIGUEL,2020,146.0
ISAL23,13130,SAN MIGUEL,2021,159.0
ISAL23,13130,SAN MIGUEL,2022,157.0
ISAL23,13130,SAN MIGUEL,2023,
ISAL23,13130,SAN MIGUEL,2024,224.0
ISAL23,13130,SAN MIGUEL,2025,214.0
ISAL23,13131,SAN RAMÓN,2017,193.0
ISAL23,13131,SAN RAMÓN,2018,195.0
ISAL23,13131,SAN RAMÓN,2019,220.0
ISAL23,13131,SAN RAMÓN,2020,228.0
ISAL23,13131,SAN RAMÓN,2021,213.0
ISAL23,13131,SAN RAMÓN,2022,218.0
ISAL23,13131,SAN RAMÓN,2023,
ISAL23,13131,SAN RAMÓN,2024,258.0
ISAL23,13131,SAN RAMÓN,2025,252.0
ISAL23,13132,VITACURA,2017,281.0
ISAL23,13132,VITACURA,2018,313.0
ISAL23,13132,VITACURA,2019,332.0
ISAL23,13132,VITACURA,2020,376.0
ISAL23,13132,VITACURA,2021,440.0
ISAL23,13132,VITACURA,2022,485.0
ISAL23,13132,VITACURA,2023,
ISAL23,13132,VITACURA,2024,505.0
ISAL23,13132,VITACURA,2025,522.0
ISAL23,13201,PUENTE ALTO,2017,158.0
ISAL23,13201,PUENTE ALTO,2018,167.0
ISAL23,13201,PUENTE ALTO,2019,148.0
ISAL23,13201,PUENTE ALTO,2020,189.0
ISAL23,13201,PUENTE ALTO,2021,201.0
ISAL23,13201,PUENTE ALTO,2022,168.0
ISAL23,13201,PUENTE ALTO,2023,
ISAL23,13201,PUENTE ALTO,2024,214.0
ISAL23,13201,PUENTE ALTO,2025,217.0
ISAL23,13202,PIRQUE,2017,273.0
ISAL23,13202,PIRQUE,2018,304.0
ISAL23,13202,PIRQUE,2019,281.0
ISAL23,13202,PIRQUE,2020,338.0
ISAL23,13202,PIRQUE,2021,375.0
ISAL23,13202,PIRQUE,2022,371.0
ISAL23,13202,PIRQUE,2023,
ISAL23,13202,PIRQUE,2024,378.0
ISAL23,13202,PIRQUE,2025,373.0
ISAL23,13203,SAN JOSÉ DE MAIPO,2017,526.0
ISAL23,13203,SAN JOSÉ DE MAIPO,2018,935.0
ISAL23,13203,SAN JOSÉ DE MAIPO,2019,596.0
ISAL23,13203,SAN JOSÉ DE MAIPO,2020,605.0
ISAL23,13203,SAN JOSÉ DE MAIPO,2021,714.0
ISAL23,13203,SAN JOSÉ DE MAIPO,2022,614.0
ISAL23,13203,SAN JOSÉ DE MAIPO,2023,
ISAL23,13203,SAN JOSÉ DE MAIPO,2024,1018.0
ISAL23,13203,SAN JOSÉ DE MAIPO,2025,309.0
ISAL23,13301,COLINA,2017,197.0
ISAL23,13301,COLINA,2018,214.0
ISAL23,13301,COLINA,2019,217.0
ISAL23,13301,COLINA,2020,253.0
ISAL23,13301,COLINA,2021,277.0
ISAL23,13301,COLINA,2022,255.0
ISAL23,13301,COLINA,2023,
ISAL23,13301,COLINA,2024,296.0
ISAL23,13301,COLINA,2025,285.0
ISAL23,13302,LAMPA,2017,210.0
ISAL23,13302,LAMPA,2018,239.0
ISAL23,13302,LAMPA,2019,220.0
ISAL23,13302,LAMPA,2020,209.0
ISAL23,13302,LAMPA,2021,
ISAL23,13302,LAMPA,2022,183.0
ISAL23,13302,LAMPA,2023,
ISAL23,13302,LAMPA,2024,207.0
ISAL23,13302,LAMPA,2025,242.0
ISAL23,13303,TILTIL,2017,244.0
ISAL23,13303,TILTIL,2018,236.0
ISAL23,13303,TILTIL,2019,258.0
ISAL23,13303,TILTIL,2020,247.0
ISAL23,13303,TILTIL,2021,255.0
ISAL23,13303,TILTIL,2022,259.0
ISAL23,13303,TILTIL,2023,
ISAL23,13303,TILTIL,2024,208.0
ISAL23,13303,TILTIL,2025,225.0
ISAL23,13401,SAN BERNARDO,2017,187.0
ISAL23,13401,SAN BERNARDO,2018,202.0
ISAL23,13401,SAN BERNARDO,2019,200.0
ISAL23,13401,SAN BERNARDO,2020,215.0
ISAL23,13401,SAN BERNARDO,2021,234.0
ISAL23,13401,SAN BERNARDO,2022,215.0
ISAL23,13401,SAN BERNARDO,2023,
ISAL23,13401,SAN BERNARDO,2024,148.0
ISAL23,13401,SAN BERNARDO,2025,177.0
ISAL23,13402,BUIN,2017,152.0
ISAL23,13402,BUIN,2018,135.0
ISAL23,13402,BUIN,2019,150.0
ISAL23,13402,BUIN,2020,150.0
ISAL23,13402,BUIN,2021,184.0
ISAL23,13402,BUIN,2022,181.0
ISAL23,13402,BUIN,2023,
ISAL23,13402,BUIN,2024,209.0
ISAL23,13402,BUIN,2025,205.0
ISAL23,13403,CALERA DE TANGO,2017,223.0
ISAL23,13403,CALERA DE TANGO,2018,225.0
ISAL23,13403,CALERA DE TANGO,2019,224.0
ISAL23,13403,CALERA DE TANGO,2020,245.0
ISAL23,13403,CALERA DE TANGO,2021,257.0
ISAL23,13403,CALERA DE TANGO,2022,251.0
ISAL23,13403,CALERA DE TANGO,2023,
ISAL23,13403,CALERA DE TANGO,2024,258.0
ISAL23,13403,CALERA DE TANGO,2025,263.0
ISAL23,13404,PAINE,2017,208.0
ISAL23,13404,PAINE,2018,207.0
ISAL23,13404,PAINE,2019,197.0
ISAL23,13404,PAINE,2020,197.0
ISAL23,13404,PAINE,2021,200.0
ISAL23,13404,PAINE,2022,198.0
ISAL23,13404,PAINE,2023,
ISAL23,13404,PAINE,2024,253.0
ISAL23,13404,PAINE,2025,252.0
ISAL23,13501,MELIPILLA,2017,198.0
ISAL23,13501,MELIPILLA,2018,222.0
ISAL23,13501,MELIPILLA,2019,212.0
ISAL23,13501,MELIPILLA,2020,222.0
ISAL23,13501,MELIPILLA,2021,247.0
ISAL23,13501,MELIPILLA,2022,224.0
ISAL23,13501,MELIPILLA,2023,
ISAL23,13501,MELIPILLA,2024,254.0
ISAL23,13501,MELIPILLA,2025,262.0
ISAL23,13502,ALHUÉ,2017,207.0
ISAL23,13502,ALHUÉ,2018,251.0
ISAL23,13502,ALHUÉ,2019,269.0
ISAL23,13502,ALHUÉ,2020,
ISAL23,13502,ALHUÉ,2021,285.0
ISAL23,13502,ALHUÉ,2022,297.0
ISAL23,13502,ALHUÉ,2023,
ISAL23,13502,ALHUÉ,2024,491.0
ISAL23,13502,ALHUÉ,2025,495.0
ISAL23,13503,CURACAVÍ,2017,
ISAL23,13503,CURACAVÍ,2018,
ISAL23,13503,CURACAVÍ,2019,
ISAL23,13503,CURACAVÍ,2020,
ISAL23,13503,CURACAVÍ,2021,
ISAL23,13503,CURACAVÍ,2022,
ISAL23,13503,CURACAVÍ,2023,
ISAL23,13503,CURACAVÍ,2024,
ISAL23,13503,CURACAVÍ,2025,
ISAL23,13504,MARÍA PINTO,2017,269.0
ISAL23,13504,MARÍA PINTO,2018,300.0
ISAL23,13504,MARÍA PINTO,2019,267.0
ISAL23,13504,MARÍA PINTO,2020,284.0
ISAL23,13504,MARÍA PINTO,2021,332.0
ISAL23,13504,MARÍA PINTO,2022,296.0
ISAL23,13504,MARÍA PINTO,2023,
ISAL23,13504,MARÍA PINTO,2024,321.0
ISAL23,13504,MARÍA PINTO,2025,326.0
ISAL23,13505,SAN PEDRO,2017,166.0
ISAL23,13505,SAN PEDRO,2018,180.0
ISAL23,13505,SAN PEDRO,2019,167.0
ISAL23,13505,SAN PEDRO,2020,197.0
ISAL23,13505,SAN PEDRO,2021,187.0
ISAL23,13505,SAN PEDRO,2022,193.0
ISAL23,13505,SAN PEDRO,2023,
ISAL23,13505,SAN PEDRO,2024,271.0
ISAL23,13505,SAN PEDRO,2025,293.0
ISAL23,13601,TALAGANTE,2017,141.0
ISAL23,13601,TALAGANTE,2018,186.0
ISAL23,13601,TALAGANTE,2019,181.0
ISAL23,13601,TALAGANTE,2020,186.0
ISAL23,13601,TALAGANTE,2021,198.0
ISAL23,13601,TALAGANTE,2022,197.0
ISAL23,13601,TALAGANTE,2023,
ISAL23,13601,TALAGANTE,2024,236.0
ISAL23,13601,TALAGANTE,2025,236.0
ISAL23,13602,EL MONTE,2017,152.0
ISAL23,13602,EL MONTE,2018,169.0
ISAL23,13602,EL MONTE,2019,188.0
ISAL23,13602,EL MONTE,2020,204.0
ISAL23,13602,EL MONTE,2021,224.0
ISAL23,13602,EL MONTE,2022,198.0
ISAL23,13602,EL MONTE,2023,
ISAL23,13602,EL MONTE,2024,207.0
ISAL23,13602,EL MONTE,2025,218.0
ISAL23,13603,ISLA DE MAIPO,2017,206.0
ISAL23,13603,ISLA DE MAIPO,2018,231.0
ISAL23,13603,ISLA DE MAIPO,2019,258.0
ISAL23,13603,ISLA DE MAIPO,2020,270.0
ISAL23,13603,ISLA DE MAIPO,2021,261.0
ISAL23,13603,ISLA DE MAIPO,2022,266.0
ISAL23,13603,ISLA DE MAIPO,2023,
ISAL23,13603,ISLA DE MAIPO,2024,301.0
ISAL23,13603,ISLA DE MAIPO,2025,295.0
ISAL23,13604,PADRE HURTADO,2017,187.0
ISAL23,13604,PADRE HURTADO,2018,193.0
ISAL23,13604,PADRE HURTADO,2019,194.0
ISAL23,13604,PADRE HURTADO,2020,203.0
ISAL23,13604,PADRE HURTADO,2021,226.0
ISAL23,13604,PADRE HURTADO,2022,207.0
ISAL23,13604,PADRE HURTADO,2023,
ISAL23,13604,PADRE HURTADO,2024,223.0
ISAL23,13604,PADRE HURTADO,2025,226.0
ISAL23,13605,PEÑAFLOR,2017,175.0
ISAL23,13605,PEÑAFLOR,2018,202.0
ISAL23,13605,PEÑAFLOR,2019,208.0
ISAL23,13605,PEÑAFLOR,2020,223.0
ISAL23,13605,PEÑAFLOR,2021,257.0
ISAL23,13605,PEÑAFLOR,2022,240.0
ISAL23,13605,PEÑAFLOR,2023,
ISAL23,13605,PEÑAFLOR,2024,271.0
ISAL23,13605,PEÑAFLOR,2025,282.0
IADM75,13101,SANTIAGO,2017,1.36
IADM75,13101,SANTIAGO,2018,3.68
IADM75,13101,SANTIAGO,2019,3.99
IADM75,13101,SANTIAGO,2020,6.34
IADM75,13101,SANTIAGO,2021,5.04
IADM75,13101,SANTIAGO,2022,7.05
IADM75,13101,SANTIAGO,2023,8.71
IADM75,13101,SANTIAGO,2024,10.97
IADM75,13101,SANTIAGO,2025,9.7
IADM75,13102,CERRILLOS,2017,19.27
IADM75,13102,CERRILLOS,2018,20.83
IADM75,13102,CERRILLOS,2019,22.22
IADM75,13102,CERRILLOS,2020,22.35
IADM75,13102,CERRILLOS,2021,23.24
IADM75,13102,CERRILLOS,2022,22.62
IADM75,13102,CERRILLOS,2023,21.49
IADM75,13102,CERRILLOS,2024,22.82
IADM75,13102,CERRILLOS,2025,22.57
IADM75,13103,CERRO NAVIA,2017,84.81
IADM75,13103,CERRO NAVIA,2018,84.99
IADM75,13103,CERRO NAVIA,2019,84.58
IADM75,13103,CERRO NAVIA,2020,88.49
IADM75,13103,CERRO NAVIA,2021,86.5
IADM75,13103,CERRO NAVIA,2022,87.01
IADM75,13103,CERRO NAVIA,2023,87.19
IADM75,13103,CERRO NAVIA,2024,86.83
IADM75,13103,CERRO NAVIA,2025,85.15
IADM75,13104,CONCHALÍ,2017,48.05
IADM75,13104,CONCHALÍ,2018,48.79
IADM75,13104,CONCHALÍ,2019,50.79
IADM75,13104,CONCHALÍ,2020,54.14
IADM75,13104,CONCHALÍ,2021,53.6
IADM75,13104,CONCHALÍ,2022,55.76
IADM75,13104,CONCHALÍ,2023,56.77
IADM75,13104,CONCHALÍ,2024,58.39
IADM75,13104,CONCHALÍ,2025,58.47
IADM75,13105,EL BOSQUE,2017,80.77
IADM75,13105,EL BOSQUE,2018,80.68
IADM75,13105,EL BOSQUE,2019,78.7
IADM75,13105,EL BOSQUE,2020,81.59
IADM75,13105,EL BOSQUE,2021,79.03
IADM75,13105,EL BOSQUE,2022,78.52
IADM75,13105,EL BOSQUE,2023,77.65
IADM75,13105,EL BOSQUE,2024,78.54
IADM75,13105,EL BOSQUE,2025,79.73
IADM75,13106,ESTACIÓN CENTRAL,2017,13.88
IADM75,13106,ESTACIÓN CENTRAL,2018,16.82
IADM75,13106,ESTACIÓN CENTRAL,2019,19.85
IADM75,13106,ESTACIÓN CENTRAL,2020,22.9
IADM75,13106,ESTACIÓN CENTRAL,2021,24.06
IADM75,13106,ESTACIÓN CENTRAL,2022,26.97
IADM75,13106,ESTACIÓN CENTRAL,2023,32.48
IADM75,13106,ESTACIÓN CENTRAL,2024,34.86
IADM75,13106,ESTACIÓN CENTRAL,2025,34.87
IADM75,13107,HUECHURABA,2017,8.12
IADM75,13107,HUECHURABA,2018,9.13
IADM75,13107,HUECHURABA,2019,9.08
IADM75,13107,HUECHURABA,2020,8.92
IADM75,13107,HUECHURABA,2021,9.73
IADM75,13107,HUECHURABA,2022,9.06
IADM75,13107,HUECHURABA,2023,8.75
IADM75,13107,HUECHURABA,2024,8.77
IADM75,13107,HUECHURABA,2025,8.07
IADM75,13108,INDEPENDENCIA,2017,22.79
IADM75,13108,INDEPENDENCIA,2018,23.75
IADM75,13108,INDEPENDENCIA,2019,26.1
IADM75,13108,INDEPENDENCIA,2020,27.94
IADM75,13108,INDEPENDENCIA,2021,27.25
IADM75,13108,INDEPENDENCIA,2022,36.73
IADM75,13108,INDEPENDENCIA,2023,43.24
IADM75,13108,INDEPENDENCIA,2024,45.81
IADM75,13108,INDEPENDENCIA,2025,44.99
IADM75,13109,LA CISTERNA,2017,21.28
IADM75,13109,LA CISTERNA,2018,22.66
IADM75,13109,LA CISTERNA,2019,23.71
IADM75,13109,LA CISTERNA,2020,27.6
IADM75,13109,LA CISTERNA,2021,28.56
IADM75,13109,LA CISTERNA,2022,33.11
IADM75,13109,LA CISTERNA,2023,36.31
IADM75,13109,LA CISTERNA,2024,39.38
IADM75,13109,LA CISTERNA,2025,39.52
IADM75,13110,LA FLORIDA,2017,53.92
IADM75,13110,LA FLORIDA,2018,49.36
IADM75,13110,LA FLORIDA,2019,47.5
IADM75,13110,LA FLORIDA,2020,49.53
IADM75,13110,LA FLORIDA,2021,46.83
IADM75,13110,LA FLORIDA,2022,46.34
IADM75,13110,LA FLORIDA,2023,45.65
IADM75,13110,LA FLORIDA,2024,45.43
IADM75,13110,LA FLORIDA,2025,43.1
IADM75,13111,LA GRANJA,2017,77.89
IADM75,13111,LA GRANJA,2018,76.54
IADM75,13111,LA GRANJA,2019,78.12
IADM75,13111,LA GRANJA,2020,79.9
IADM75,13111,LA GRANJA,2021,79.27
IADM75,13111,LA GRANJA,2022,78.64
IADM75,13111,LA GRANJA,2023,77.75
IADM75,13111,LA GRANJA,2024,78.43
IADM75,13111,LA GRANJA,2025,80.29
IADM75,13112,LA PINTANA,2017,83.56
IADM75,13112,LA PINTANA,2018,84.49
IADM75,13112,LA PINTANA,2019,84.54
IADM75,13112,LA PINTANA,2020,85.93
IADM75,13112,LA PINTANA,2021,85.84
IADM75,13112,LA PINTANA,2022,85.82
IADM75,13112,LA PINTANA,2023,83.07
IADM75,13112,LA PINTANA,2024,82.98
IADM75,13112,LA PINTANA,2025,81.19
IADM75,13113,LA REINA,2017,6.65
IADM75,13113,LA REINA,2018,7.57
IADM75,13113,LA REINA,2019,7.47
IADM75,13113,LA REINA,2020,7.7
IADM75,13113,LA REINA,2021,7.22
IADM75,13113,LA REINA,2022,7.33
IADM75,13113,LA REINA,2023,7.29
IADM75,13113,LA REINA,2024,7.84
IADM75,13113,LA REINA,2025,7.41
IADM75,13114,LAS CONDES,2017,1.99
IADM75,13114,LAS CONDES,2018,2.3
IADM75,13114,LAS CONDES,2019,2.34
IADM75,13114,LAS CONDES,2020,2.36
IADM75,13114,LAS CONDES,2021,2.49
IADM75,13114,LAS CONDES,2022,2.53
IADM75,13114,LAS CONDES,2023,2.42
IADM75,13114,LAS CONDES,2024,2.34
IADM75,13114,LAS CONDES,2025,2.23
IADM75,13115,LO BARNECHEA,2017,2.31
IADM75,13115,LO BARNECHEA,2018,2.44
IADM75,13115,LO BARNECHEA,2019,2.4
IADM75,13115,LO BARNECHEA,2020,2.46
IADM75,13115,LO BARNECHEA,2021,2.38
IADM75,13115,LO BARNECHEA,2022,2.28
IADM75,13115,LO BARNECHEA,2023,2.17
IADM75,13115,LO BARNECHEA,2024,2.24
IADM75,13115,LO BARNECHEA,2025,2.2
IADM75,13116,LO ESPEJO,2017,73.79
IADM75,13116,LO ESPEJO,2018,72.33
IADM75,13116,LO ESPEJO,2019,75.33
IADM75,13116,LO ESPEJO,2020,78.91
IADM75,13116,LO ESPEJO,2021,77.49
IADM75,13116,LO ESPEJO,2022,75.62
IADM75,13116,LO ESPEJO,2023,80.56
IADM75,13116,LO ESPEJO,2024,78.77
IADM75,13116,LO ESPEJO,2025,76.86
IADM75,13117,LO PRADO,2017,77.21
IADM75,13117,LO PRADO,2018,77.23
IADM75,13117,LO PRADO,2019,78.31
IADM75,13117,LO PRADO,2020,81.28
IADM75,13117,LO PRADO,2021,82.4
IADM75,13117,LO PRADO,2022,81.87
IADM75,13117,LO PRADO,2023,81.27
IADM75,13117,LO PRADO,2024,82.74
IADM75,13117,LO PRADO,2025,83.54
IADM75,13118,MACUL,2017,18.25
IADM75,13118,MACUL,2018,19.5
IADM75,13118,MACUL,2019,19.09
IADM75,13118,MACUL,2020,21.77
IADM75,13118,MACUL,2021,23.44
IADM75,13118,MACUL,2022,22.34
IADM75,13118,MACUL,2023,22.73
IADM75,13118,MACUL,2024,23.01
IADM75,13118,MACUL,2025,22.01
IADM75,13119,MAIPÚ,2017,61.18
IADM75,13119,MAIPÚ,2018,61.87
IADM75,13119,MAIPÚ,2019,62.5
IADM75,13119,MAIPÚ,2020,64.41
IADM75,13119,MAIPÚ,2021,64.48
IADM75,13119,MAIPÚ,2022,63.38
IADM75,13119,MAIPÚ,2023,62.94
IADM75,13119,MAIPÚ,2024,60.15
IADM75,13119,MAIPÚ,2025,60.97
IADM75,13120,ÑUÑOA,2017,8.3
IADM75,13120,ÑUÑOA,2018,8.29
IADM75,13120,ÑUÑOA,2019,8.45
IADM75,13120,ÑUÑOA,2020,8.78
IADM75,13120,ÑUÑOA,2021,8.62
IADM75,13120,ÑUÑOA,2022,9.43
IADM75,13120,ÑUÑOA,2023,9.05
IADM75,13120,ÑUÑOA,2024,8.82
IADM75,13120,ÑUÑOA,2025,8.36
IADM75,13121,PEDRO AGUIRRE CERDA,2017,67.25
IADM75,13121,PEDRO AGUIRRE CERDA,2018,64.95
IADM75,13121,PEDRO AGUIRRE CERDA,2019,66.84
IADM75,13121,PEDRO AGUIRRE CERDA,2020,69.85
IADM75,13121,PEDRO AGUIRRE CERDA,2021,67.85
IADM75,13121,PEDRO AGUIRRE CERDA,2022,68.62
IADM75,13121,PEDRO AGUIRRE CERDA,2023,69.23
IADM75,13121,PEDRO AGUIRRE CERDA,2024,68.58
IADM75,13121,PEDRO AGUIRRE CERDA,2025,70.4
IADM75,13122,PEÑALOLÉN,2017,37.97
IADM75,13122,PEÑALOLÉN,2018,36.36
IADM75,13122,PEÑALOLÉN,2019,37.98
IADM75,13122,PEÑALOLÉN,2020,39.41
IADM75,13122,PEÑALOLÉN,2021,38.29
IADM75,13122,PEÑALOLÉN,2022,36.75
IADM75,13122,PEÑALOLÉN,2023,36.35
IADM75,13122,PEÑALOLÉN,2024,34.96
IADM75,13122,PEÑALOLÉN,2025,33.32
IADM75,13123,PROVIDENCIA,2017,2.26
IADM75,13123,PROVIDENCIA,2018,3.01
IADM75,13123,PROVIDENCIA,2019,3.19
IADM75,13123,PROVIDENCIA,2020,3.55
IADM75,13123,PROVIDENCIA,2021,3.67
IADM75,13123,PROVIDENCIA,2022,3.67
IADM75,13123,PROVIDENCIA,2023,3.53
IADM75,13123,PROVIDENCIA,2024,3.38
IADM75,13123,PROVIDENCIA,2025,3.2
IADM75,13124,PUDAHUEL,2017,33.31
IADM75,13124,PUDAHUEL,2018,31.91
IADM75,13124,PUDAHUEL,2019,32.67
IADM75,13124,PUDAHUEL,2020,32.5
IADM75,13124,PUDAHUEL,2021,33.0
IADM75,13124,PUDAHUEL,2022,30.93
IADM75,13124,PUDAHUEL,2023,29.21
IADM75,13124,PUDAHUEL,2024,28.18
IADM75,13124,PUDAHUEL,2025,27.8
IADM75,13125,QUILICURA,2017,17.5
IADM75,13125,QUILICURA,2018,17.99
IADM75,13125,QUILICURA,2019,18.56
IADM75,13125,QUILICURA,2020,18.32
IADM75,13125,QUILICURA,2021,19.16
IADM75,13125,QUILICURA,2022,19.52
IADM75,13125,QUILICURA,2023,19.51
IADM75,13125,QUILICURA,2024,20.23
IADM75,13125,QUILICURA,2025,19.54
IADM75,13126,QUINTA NORMAL,2017,27.49
IADM75,13126,QUINTA NORMAL,2018,29.31
IADM75,13126,QUINTA NORMAL,2019,31.09
IADM75,13126,QUINTA NORMAL,2020,35.5
IADM75,13126,QUINTA NORMAL,2021,35.93
IADM75,13126,QUINTA NORMAL,2022,41.87
IADM75,13126,QUINTA NORMAL,2023,47.24
IADM75,13126,QUINTA NORMAL,2024,48.39
IADM75,13126,QUINTA NORMAL,2025,49.6
IADM75,13127,RECOLETA,2017,15.29
IADM75,13127,RECOLETA,2018,16.62
IADM75,13127,RECOLETA,2019,17.05
IADM75,13127,RECOLETA,2020,17.69
IADM75,13127,RECOLETA,2021,18.45
IADM75,13127,RECOLETA,2022,19.99
IADM75,13127,RECOLETA,2023,22.37
IADM75,13127,RECOLETA,2024,23.01
IADM75,13127,RECOLETA,2025,21.97
IADM75,13128,RENCA,2017,32.95
IADM75,13128,RENCA,2018,29.9
IADM75,13128,RENCA,2019,30.68
IADM75,13128,RENCA,2020,29.95
IADM75,13128,RENCA,2021,31.79
IADM75,13128,RENCA,2022,30.0
IADM75,13128,RENCA,2023,29.37
IADM75,13128,RENCA,2024,29.35
IADM75,13128,RENCA,2025,28.59
IADM75,13129,SAN JOAQUÍN,2017,25.9
IADM75,13129,SAN JOAQUÍN,2018,24.92
IADM75,13129,SAN JOAQUÍN,2019,23.62
IADM75,13129,SAN JOAQUÍN,2020,25.19
IADM75,13129,SAN JOAQUÍN,2021,25.64
IADM75,13129,SAN JOAQUÍN,2022,24.53
IADM75,13129,SAN JOAQUÍN,2023,25.54
IADM75,13129,SAN JOAQUÍN,2024,25.89
IADM75,13129,SAN JOAQUÍN,2025,24.65
IADM75,13130,SAN MIGUEL,2017,8.9
IADM75,13130,SAN MIGUEL,2018,11.17
IADM75,13130,SAN MIGUEL,2019,11.77
IADM75,13130,SAN MIGUEL,2020,13.79
IADM75,13130,SAN MIGUEL,2021,13.32
IADM75,13130,SAN MIGUEL,2022,13.01
IADM75,13130,SAN MIGUEL,2023,15.39
IADM75,13130,SAN MIGUEL,2024,18.22
IADM75,13130,SAN MIGUEL,2025,17.19
IADM75,13131,SAN RAMÓN,2017,76.6
IADM75,13131,SAN RAMÓN,2018,78.21
IADM75,13131,SAN RAMÓN,2019,79.54
IADM75,13131,SAN RAMÓN,2020,80.12
IADM75,13131,SAN RAMÓN,2021,79.44
IADM75,13131,SAN RAMÓN,2022,76.52
IADM75,13131,SAN RAMÓN,2023,75.91
IADM75,13131,SAN RAMÓN,2024,77.15
IADM75,13131,SAN RAMÓN,2025,76.9
IADM75,13132,VITACURA,2017,2.5
IADM75,13132,VITACURA,2018,2.95
IADM75,13132,VITACURA,2019,2.81
IADM75,13132,VITACURA,2020,3.09
IADM75,13132,VITACURA,2021,3.07
IADM75,13132,VITACURA,2022,3.01
IADM75,13132,VITACURA,2023,2.81
IADM75,13132,VITACURA,2024,2.82
IADM75,13132,VITACURA,2025,2.74
IADM75,13201,PUENTE ALTO,2017,77.53
IADM75,13201,PUENTE ALTO,2018,76.71
IADM75,13201,PUENTE ALTO,2019,76.7
IADM75,13201,PUENTE ALTO,2020,77.66
IADM75,13201,PUENTE ALTO,2021,77.04
IADM75,13201,PUENTE ALTO,2022,76.09
IADM75,13201,PUENTE ALTO,2023,74.85
IADM75,13201,PUENTE ALTO,2024,74.13
IADM75,13201,PUENTE ALTO,2025,73.98
IADM75,13202,PIRQUE,2017,13.89
IADM75,13202,PIRQUE,2018,16.16
IADM75,13202,PIRQUE,2019,18.36
IADM75,13202,PIRQUE,2020,19.68
IADM75,13202,PIRQUE,2021,19.31
IADM75,13202,PIRQUE,2022,22.77
IADM75,13202,PIRQUE,2023,23.12
IADM75,13202,PIRQUE,2024,25.31
IADM75,13202,PIRQUE,2025,23.86
IADM75,13203,SAN JOSÉ DE MAIPO,2017,36.59
IADM75,13203,SAN JOSÉ DE MAIPO,2018,38.06
IADM75,13203,SAN JOSÉ DE MAIPO,2019,39.6
IADM75,13203,SAN JOSÉ DE MAIPO,2020,46.99
IADM75,13203,SAN JOSÉ DE MAIPO,2021,47.85
IADM75,13203,SAN JOSÉ DE MAIPO,2022,42.33
IADM75,13203,SAN JOSÉ DE MAIPO,2023,37.02
IADM75,13203,SAN JOSÉ DE MAIPO,2024,36.3
IADM75,13203,SAN JOSÉ DE MAIPO,2025,41.75
IADM75,13301,COLINA,2017,12.5
IADM75,13301,COLINA,2018,12.29
IADM75,13301,COLINA,2019,12.4
IADM75,13301,COLINA,2020,12.23
IADM75,13301,COLINA,2021,12.16
IADM75,13301,COLINA,2022,12.43
IADM75,13301,COLINA,2023,12.8
IADM75,13301,COLINA,2024,12.13
IADM75,13301,COLINA,2025,11.89
IADM75,13302,LAMPA,2017,17.27
IADM75,13302,LAMPA,2018,16.26
IADM75,13302,LAMPA,2019,17.71
IADM75,13302,LAMPA,2020,17.33
IADM75,13302,LAMPA,2021,
IADM75,13302,LAMPA,2022,17.14
IADM75,13302,LAMPA,2023,18.52
IADM75,13302,LAMPA,2024,17.52
IADM75,13302,LAMPA,2025,17.05
IADM75,13303,TILTIL,2017,40.95
IADM75,13303,TILTIL,2018,40.26
IADM75,13303,TILTIL,2019,39.97
IADM75,13303,TILTIL,2020,42.96
IADM75,13303,TILTIL,2021,43.05
IADM75,13303,TILTIL,2022,42.58
IADM75,13303,TILTIL,2023,44.22
IADM75,13303,TILTIL,2024,47.46
IADM75,13303,TILTIL,2025,48.13
IADM75,13401,SAN BERNARDO,2017,41.42
IADM75,13401,SAN BERNARDO,2018,40.17
IADM75,13401,SAN BERNARDO,2019,41.08
IADM75,13401,SAN BERNARDO,2020,41.77
IADM75,13401,SAN BERNARDO,2021,41.5
IADM75,13401,SAN BERNARDO,2022,39.87
IADM75,13401,SAN BERNARDO,2023,39.22
IADM75,13401,SAN BERNARDO,2024,36.26
IADM75,13401,SAN BERNARDO,2025,35.64
IADM75,13402,BUIN,2017,24.03
IADM75,13402,BUIN,2018,24.18
IADM75,13402,BUIN,2019,24.51
IADM75,13402,BUIN,2020,26.72
IADM75,13402,BUIN,2021,25.23
IADM75,13402,BUIN,2022,29.19
IADM75,13402,BUIN,2023,30.11
IADM75,13402,BUIN,2024,31.29
IADM75,13402,BUIN,2025,31.39
IADM75,13403,CALERA DE TANGO,2017,18.89
IADM75,13403,CALERA DE TANGO,2018,21.22
IADM75,13403,CALERA DE TANGO,2019,22.46
IADM75,13403,CALERA DE TANGO,2020,21.01
IADM75,13403,CALERA DE TANGO,2021,23.79
IADM75,13403,CALERA DE TANGO,2022,28.53
IADM75,13403,CALERA DE TANGO,2023,28.73
IADM75,13403,CALERA DE TANGO,2024,30.76
IADM75,13403,CALERA DE TANGO,2025,30.42
IADM75,13404,PAINE,2017,39.26
IADM75,13404,PAINE,2018,38.24
IADM75,13404,PAINE,2019,38.02
IADM75,13404,PAINE,2020,37.33
IADM75,13404,PAINE,2021,36.46
IADM75,13404,PAINE,2022,35.68
IADM75,13404,PAINE,2023,32.93
IADM75,13404,PAINE,2024,33.89
IADM75,13404,PAINE,2025,30.75
IADM75,13501,MELIPILLA,2017,62.07
IADM75,13501,MELIPILLA,2018,60.98
IADM75,13501,MELIPILLA,2019,64.46
IADM75,13501,MELIPILLA,2020,64.69
IADM75,13501,MELIPILLA,2021,62.37
IADM75,13501,MELIPILLA,2022,65.23
IADM75,13501,MELIPILLA,2023,68.01
IADM75,13501,MELIPILLA,2024,68.23
IADM75,13501,MELIPILLA,2025,70.63
IADM75,13502,ALHUÉ,2017,41.12
IADM75,13502,ALHUÉ,2018,38.88
IADM75,13502,ALHUÉ,2019,29.59
IADM75,13502,ALHUÉ,2020,
IADM75,13502,ALHUÉ,2021,26.72
IADM75,13502,ALHUÉ,2022,25.28
IADM75,13502,ALHUÉ,2023,20.87
IADM75,13502,ALHUÉ,2024,17.45
IADM75,13502,ALHUÉ,2025,17.83
IADM75,13503,CURACAVÍ,2017,49.09
IADM75,13503,CURACAVÍ,2018,47.13
IADM75,13503,CURACAVÍ,2019,46.93
IADM75,13503,CURACAVÍ,2020,47.31
IADM75,13503,CURACAVÍ,2021,42.62
IADM75,13503,CURACAVÍ,2022,43.49
IADM75,13503,CURACAVÍ,2023,41.14
IADM75,13503,CURACAVÍ,2024,40.68
IADM75,13503,CURACAVÍ,2025,40.0
IADM75,13504,MARÍA PINTO,2017,47.51
IADM75,13504,MARÍA PINTO,2018,45.53
IADM75,13504,MARÍA PINTO,2019,46.44
IADM75,13504,MARÍA PINTO,2020,46.63
IADM75,13504,MARÍA PINTO,2021,44.23
IADM75,13504,MARÍA PINTO,2022,44.91
IADM75,13504,MARÍA PINTO,2023,41.89
IADM75,13504,MARÍA PINTO,2024,46.5
IADM75,13504,MARÍA PINTO,2025,51.49
IADM75,13505,SAN PEDRO,2017,72.73
IADM75,13505,SAN PEDRO,2018,70.43
IADM75,13505,SAN PEDRO,2019,71.81
IADM75,13505,SAN PEDRO,2020,72.38
IADM75,13505,SAN PEDRO,2021,70.02
IADM75,13505,SAN PEDRO,2022,71.74
IADM75,13505,SAN PEDRO,2023,70.9
IADM75,13505,SAN PEDRO,2024,67.09
IADM75,13505,SAN PEDRO,2025,71.36
IADM75,13601,TALAGANTE,2017,57.34
IADM75,13601,TALAGANTE,2018,56.14
IADM75,13601,TALAGANTE,2019,57.04
IADM75,13601,TALAGANTE,2020,58.32
IADM75,13601,TALAGANTE,2021,57.19
IADM75,13601,TALAGANTE,2022,57.39
IADM75,13601,TALAGANTE,2023,56.24
IADM75,13601,TALAGANTE,2024,55.02
IADM75,13601,TALAGANTE,2025,55.33
IADM75,13602,EL MONTE,2017,53.11
IADM75,13602,EL MONTE,2018,50.91
IADM75,13602,EL MONTE,2019,50.89
IADM75,13602,EL MONTE,2020,48.21
IADM75,13602,EL MONTE,2021,49.25
IADM75,13602,EL MONTE,2022,50.83
IADM75,13602,EL MONTE,2023,54.94
IADM75,13602,EL MONTE,2024,59.74
IADM75,13602,EL MONTE,2025,62.05
IADM75,13603,ISLA DE MAIPO,2017,55.67
IADM75,13603,ISLA DE MAIPO,2018,52.89
IADM75,13603,ISLA DE MAIPO,2019,54.39
IADM75,13603,ISLA DE MAIPO,2020,54.98
IADM75,13603,ISLA DE MAIPO,2021,50.82
IADM75,13603,ISLA DE MAIPO,2022,51.21
IADM75,13603,ISLA DE MAIPO,2023,50.11
IADM75,13603,ISLA DE MAIPO,2024,48.17
IADM75,13603,ISLA DE MAIPO,2025,45.95
IADM75,13604,PADRE HURTADO,2017,48.29
IADM75,13604,PADRE HURTADO,2018,45.62
IADM75,13604,PADRE HURTADO,2019,47.03
IADM75,13604,PADRE HURTADO,2020,47.65
IADM75,13604,PADRE HURTADO,2021,46.77
IADM75,13604,PADRE HURTADO,2022,49.36
IADM75,13604,PADRE HURTADO,2023,45.98
IADM75,13604,PADRE HURTADO,2024,44.15
IADM75,13604,PADRE HURTADO,2025,69.66
IADM75,13605,PEÑAFLOR,2017,62.44
IADM75,13605,PEÑAFLOR,2018,60.64
IADM75,13605,PEÑAFLOR,2019,60.9
IADM75,13605,PEÑAFLOR,2020,61.8
IADM75,13605,PEÑAFLOR,2021,60.21
IADM75,13605,PEÑAFLOR,2022,59.95
IADM75,13605,PEÑAFLOR,2023,60.23
IADM75,13605,PEÑAFLOR,2024,59.84
IADM75,13605,PEÑAFLOR,2025,59.0
IADM74,13101,SANTIAGO,2017,350.0
IADM74,13101,SANTIAGO,2018,356.0
IADM74,13101,SANTIAGO,2019,298.0
IADM74,13101,SANTIAGO,2020,254.0
IADM74,13101,SANTIAGO,2021,244.0
IADM74,13101,SANTIAGO,2022,238.0
IADM74,13101,SANTIAGO,2023,244.0
IADM74,13101,SANTIAGO,2024,234.0
IADM74,13101,SANTIAGO,2025,234.0
IADM74,13102,CERRILLOS,2017,204.0
IADM74,13102,CERRILLOS,2018,209.0
IADM74,13102,CERRILLOS,2019,205.0
IADM74,13102,CERRILLOS,2020,197.0
IADM74,13102,CERRILLOS,2021,195.0
IADM74,13102,CERRILLOS,2022,205.0
IADM74,13102,CERRILLOS,2023,241.0
IADM74,13102,CERRILLOS,2024,220.0
IADM74,13102,CERRILLOS,2025,220.0
IADM74,13103,CERRO NAVIA,2017,22.0
IADM74,13103,CERRO NAVIA,2018,22.0
IADM74,13103,CERRO NAVIA,2019,27.0
IADM74,13103,CERRO NAVIA,2020,19.0
IADM74,13103,CERRO NAVIA,2021,23.0
IADM74,13103,CERRO NAVIA,2022,23.0
IADM74,13103,CERRO NAVIA,2023,24.0
IADM74,13103,CERRO NAVIA,2024,26.0
IADM74,13103,CERRO NAVIA,2025,30.0
IADM74,13104,CONCHALÍ,2017,83.0
IADM74,13104,CONCHALÍ,2018,85.0
IADM74,13104,CONCHALÍ,2019,85.0
IADM74,13104,CONCHALÍ,2020,72.0
IADM74,13104,CONCHALÍ,2021,76.0
IADM74,13104,CONCHALÍ,2022,74.0
IADM74,13104,CONCHALÍ,2023,81.0
IADM74,13104,CONCHALÍ,2024,81.0
IADM74,13104,CONCHALÍ,2025,83.0
IADM74,13105,EL BOSQUE,2017,28.0
IADM74,13105,EL BOSQUE,2018,29.0
IADM74,13105,EL BOSQUE,2019,39.0
IADM74,13105,EL BOSQUE,2020,32.0
IADM74,13105,EL BOSQUE,2021,39.0
IADM74,13105,EL BOSQUE,2022,40.0
IADM74,13105,EL BOSQUE,2023,44.0
IADM74,13105,EL BOSQUE,2024,43.0
IADM74,13105,EL BOSQUE,2025,42.0
IADM74,13106,ESTACIÓN CENTRAL,2017,175.0
IADM74,13106,ESTACIÓN CENTRAL,2018,187.0
IADM74,13106,ESTACIÓN CENTRAL,2019,132.0
IADM74,13106,ESTACIÓN CENTRAL,2020,99.0
IADM74,13106,ESTACIÓN CENTRAL,2021,101.0
IADM74,13106,ESTACIÓN CENTRAL,2022,104.0
IADM74,13106,ESTACIÓN CENTRAL,2023,109.0
IADM74,13106,ESTACIÓN CENTRAL,2024,114.0
IADM74,13106,ESTACIÓN CENTRAL,2025,114.0
IADM74,13107,HUECHURABA,2017,397.0
IADM74,13107,HUECHURABA,2018,388.0
IADM74,13107,HUECHURABA,2019,372.0
IADM74,13107,HUECHURABA,2020,362.0
IADM74,13107,HUECHURABA,2021,338.0
IADM74,13107,HUECHURABA,2022,361.0
IADM74,13107,HUECHURABA,2023,387.0
IADM74,13107,HUECHURABA,2024,378.0
IADM74,13107,HUECHURABA,2025,400.0
IADM74,13108,INDEPENDENCIA,2017,135.0
IADM74,13108,INDEPENDENCIA,2018,144.0
IADM74,13108,INDEPENDENCIA,2019,104.0
IADM74,13108,INDEPENDENCIA,2020,82.0
IADM74,13108,INDEPENDENCIA,2021,89.0
IADM74,13108,INDEPENDENCIA,2022,88.0
IADM74,13108,INDEPENDENCIA,2023,92.0
IADM74,13108,INDEPENDENCIA,2024,91.0
IADM74,13108,INDEPENDENCIA,2025,91.0
IADM74,13109,LA CISTERNA,2017,119.0
IADM74,13109,LA CISTERNA,2018,138.0
IADM74,13109,LA CISTERNA,2019,132.0
IADM74,13109,LA CISTERNA,2020,105.0
IADM74,13109,LA CISTERNA,2021,104.0
IADM74,13109,LA CISTERNA,2022,110.0
IADM74,13109,LA CISTERNA,2023,124.0
IADM74,13109,LA CISTERNA,2024,116.0
IADM74,13109,LA CISTERNA,2025,114.0
IADM74,13110,LA FLORIDA,2017,78.0
IADM74,13110,LA FLORIDA,2018,97.0
IADM74,13110,LA FLORIDA,2019,107.0
IADM74,13110,LA FLORIDA,2020,95.0
IADM74,13110,LA FLORIDA,2021,110.0
IADM74,13110,LA FLORIDA,2022,112.0
IADM74,13110,LA FLORIDA,2023,120.0
IADM74,13110,LA FLORIDA,2024,120.0
IADM74,13110,LA FLORIDA,2025,128.0
IADM74,13111,LA GRANJA,2017,32.0
IADM74,13111,LA GRANJA,2018,36.0
IADM74,13111,LA GRANJA,2019,40.0
IADM74,13111,LA GRANJA,2020,36.0
IADM74,13111,LA GRANJA,2021,39.0
IADM74,13111,LA GRANJA,2022,40.0
IADM74,13111,LA GRANJA,2023,46.0
IADM74,13111,LA GRANJA,2024,46.0
IADM74,13111,LA GRANJA,2025,42.0
IADM74,13112,LA PINTANA,2017,26.0
IADM74,13112,LA PINTANA,2018,25.0
IADM74,13112,LA PINTANA,2019,29.0
IADM74,13112,LA PINTANA,2020,26.0
IADM74,13112,LA PINTANA,2021,27.0
IADM74,13112,LA PINTANA,2022,27.0
IADM74,13112,LA PINTANA,2023,35.0
IADM74,13112,LA PINTANA,2024,37.0
IADM74,13112,LA PINTANA,2025,42.0
IADM74,13113,LA REINA,2017,246.0
IADM74,13113,LA REINA,2018,260.0
IADM74,13113,LA REINA,2019,281.0
IADM74,13113,LA REINA,2020,263.0
IADM74,13113,LA REINA,2021,294.0
IADM74,13113,LA REINA,2022,291.0
IADM74,13113,LA REINA,2023,332.0
IADM74,13113,LA REINA,2024,324.0
IADM74,13113,LA REINA,2025,337.0
IADM74,13114,LAS CONDES,2017,694.0
IADM74,13114,LAS CONDES,2018,734.0
IADM74,13114,LAS CONDES,2019,668.0
IADM74,13114,LAS CONDES,2020,634.0
IADM74,13114,LAS CONDES,2021,618.0
IADM74,13114,LAS CONDES,2022,602.0
IADM74,13114,LAS CONDES,2023,654.0
IADM74,13114,LAS CONDES,2024,663.0
IADM74,13114,LAS CONDES,2025,677.0
IADM74,13115,LO BARNECHEA,2017,789.0
IADM74,13115,LO BARNECHEA,2018,835.0
IADM74,13115,LO BARNECHEA,2019,820.0
IADM74,13115,LO BARNECHEA,2020,755.0
IADM74,13115,LO BARNECHEA,2021,798.0
IADM74,13115,LO BARNECHEA,2022,823.0
IADM74,13115,LO BARNECHEA,2023,938.0
IADM74,13115,LO BARNECHEA,2024,933.0
IADM74,13115,LO BARNECHEA,2025,918.0
IADM74,13116,LO ESPEJO,2017,39.0
IADM74,13116,LO ESPEJO,2018,44.0
IADM74,13116,LO ESPEJO,2019,46.0
IADM74,13116,LO ESPEJO,2020,36.0
IADM74,13116,LO ESPEJO,2021,42.0
IADM74,13116,LO ESPEJO,2022,46.0
IADM74,13116,LO ESPEJO,2023,49.0
IADM74,13116,LO ESPEJO,2024,44.0
IADM74,13116,LO ESPEJO,2025,51.0
IADM74,13117,LO PRADO,2017,32.0
IADM74,13117,LO PRADO,2018,34.0
IADM74,13117,LO PRADO,2019,37.0
IADM74,13117,LO PRADO,2020,29.0
IADM74,13117,LO PRADO,2021,29.0
IADM74,13117,LO PRADO,2022,31.0
IADM74,13117,LO PRADO,2023,37.0
IADM74,13117,LO PRADO,2024,36.0
IADM74,13117,LO PRADO,2025,36.0
IADM74,13118,MACUL,2017,145.0
IADM74,13118,MACUL,2018,153.0
IADM74,13118,MACUL,2019,159.0
IADM74,13118,MACUL,2020,139.0
IADM74,13118,MACUL,2021,130.0
IADM74,13118,MACUL,2022,131.0
IADM74,13118,MACUL,2023,143.0
IADM74,13118,MACUL,2024,147.0
IADM74,13118,MACUL,2025,146.0
IADM74,13119,MAIPÚ,2017,72.0
IADM74,13119,MAIPÚ,2018,72.0
IADM74,13119,MAIPÚ,2019,73.0
IADM74,13119,MAIPÚ,2020,64.0
IADM74,13119,MAIPÚ,2021,66.0
IADM74,13119,MAIPÚ,2022,68.0
IADM74,13119,MAIPÚ,2023,74.0
IADM74,13119,MAIPÚ,2024,82.0
IADM74,13119,MAIPÚ,2025,82.0
IADM74,13120,ÑUÑOA,2017,183.0
IADM74,13120,ÑUÑOA,2018,193.0
IADM74,13120,ÑUÑOA,2019,204.0
IADM74,13120,ÑUÑOA,2020,179.0
IADM74,13120,ÑUÑOA,2021,187.0
IADM74,13120,ÑUÑOA,2022,166.0
IADM74,13120,ÑUÑOA,2023,179.0
IADM74,13120,ÑUÑOA,2024,180.0
IADM74,13120,ÑUÑOA,2025,183.0
IADM74,13121,PEDRO AGUIRRE CERDA,2017,40.0
IADM74,13121,PEDRO AGUIRRE CERDA,2018,47.0
IADM74,13121,PEDRO AGUIRRE CERDA,2019,53.0
IADM74,13121,PEDRO AGUIRRE CERDA,2020,45.0
IADM74,13121,PEDRO AGUIRRE CERDA,2021,52.0
IADM74,13121,PEDRO AGUIRRE CERDA,2022,55.0
IADM74,13121,PEDRO AGUIRRE CERDA,2023,61.0
IADM74,13121,PEDRO AGUIRRE CERDA,2024,66.0
IADM74,13121,PEDRO AGUIRRE CERDA,2025,63.0
IADM74,13122,PEÑALOLÉN,2017,118.0
IADM74,13122,PEÑALOLÉN,2018,132.0
IADM74,13122,PEÑALOLÉN,2019,120.0
IADM74,13122,PEÑALOLÉN,2020,109.0
IADM74,13122,PEÑALOLÉN,2021,118.0
IADM74,13122,PEÑALOLÉN,2022,125.0
IADM74,13122,PEÑALOLÉN,2023,133.0
IADM74,13122,PEÑALOLÉN,2024,139.0
IADM74,13122,PEÑALOLÉN,2025,145.0
IADM74,13123,PROVIDENCIA,2017,665.0
IADM74,13123,PROVIDENCIA,2018,700.0
IADM74,13123,PROVIDENCIA,2019,676.0
IADM74,13123,PROVIDENCIA,2020,579.0
IADM74,13123,PROVIDENCIA,2021,578.0
IADM74,13123,PROVIDENCIA,2022,571.0
IADM74,13123,PROVIDENCIA,2023,617.0
IADM74,13123,PROVIDENCIA,2024,634.0
IADM74,13123,PROVIDENCIA,2025,649.0
IADM74,13124,PUDAHUEL,2017,160.0
IADM74,13124,PUDAHUEL,2018,177.0
IADM74,13124,PUDAHUEL,2019,172.0
IADM74,13124,PUDAHUEL,2020,166.0
IADM74,13124,PUDAHUEL,2021,168.0
IADM74,13124,PUDAHUEL,2022,183.0
IADM74,13124,PUDAHUEL,2023,206.0
IADM74,13124,PUDAHUEL,2024,213.0
IADM74,13124,PUDAHUEL,2025,211.0
IADM74,13125,QUILICURA,2017,199.0
IADM74,13125,QUILICURA,2018,201.0
IADM74,13125,QUILICURA,2019,198.0
IADM74,13125,QUILICURA,2020,188.0
IADM74,13125,QUILICURA,2021,181.0
IADM74,13125,QUILICURA,2022,177.0
IADM74,13125,QUILICURA,2023,194.0
IADM74,13125,QUILICURA,2024,188.0
IADM74,13125,QUILICURA,2025,195.0
IADM74,13126,QUINTA NORMAL,2017,104.0
IADM74,13126,QUINTA NORMAL,2018,112.0
IADM74,13126,QUINTA NORMAL,2019,98.0
IADM74,13126,QUINTA NORMAL,2020,77.0
IADM74,13126,QUINTA NORMAL,2021,79.0
IADM74,13126,QUINTA NORMAL,2022,85.0
IADM74,13126,QUINTA NORMAL,2023,92.0
IADM74,13126,QUINTA NORMAL,2024,93.0
IADM74,13126,QUINTA NORMAL,2025,89.0
IADM74,13127,RECOLETA,2017,164.0
IADM74,13127,RECOLETA,2018,170.0
IADM74,13127,RECOLETA,2019,170.0
IADM74,13127,RECOLETA,2020,154.0
IADM74,13127,RECOLETA,2021,152.0
IADM74,13127,RECOLETA,2022,144.0
IADM74,13127,RECOLETA,2023,153.0
IADM74,13127,RECOLETA,2024,153.0
IADM74,13127,RECOLETA,2025,152.0
IADM74,13128,RENCA,2017,120.0
IADM74,13128,RENCA,2018,143.0
IADM74,13128,RENCA,2019,139.0
IADM74,13128,RENCA,2020,139.0
IADM74,13128,RENCA,2021,133.0
IADM74,13128,RENCA,2022,144.0
IADM74,13128,RENCA,2023,160.0
IADM74,13128,RENCA,2024,165.0
IADM74,13128,RENCA,2025,172.0
IADM74,13129,SAN JOAQUÍN,2017,134.0
IADM74,13129,SAN JOAQUÍN,2018,152.0
IADM74,13129,SAN JOAQUÍN,2019,176.0
IADM74,13129,SAN JOAQUÍN,2020,156.0
IADM74,13129,SAN JOAQUÍN,2021,159.0
IADM74,13129,SAN JOAQUÍN,2022,169.0
IADM74,13129,SAN JOAQUÍN,2023,182.0
IADM74,13129,SAN JOAQUÍN,2024,184.0
IADM74,13129,SAN JOAQUÍN,2025,193.0
IADM74,13130,SAN MIGUEL,2017,166.0
IADM74,13130,SAN MIGUEL,2018,163.0
IADM74,13130,SAN MIGUEL,2019,151.0
IADM74,13130,SAN MIGUEL,2020,120.0
IADM74,13130,SAN MIGUEL,2021,129.0
IADM74,13130,SAN MIGUEL,2022,133.0
IADM74,13130,SAN MIGUEL,2023,132.0
IADM74,13130,SAN MIGUEL,2024,123.0
IADM74,13130,SAN MIGUEL,2025,128.0
IADM74,13131,SAN RAMÓN,2017,36.0
IADM74,13131,SAN RAMÓN,2018,35.0
IADM74,13131,SAN RAMÓN,2019,39.0
IADM74,13131,SAN RAMÓN,2020,37.0
IADM74,13131,SAN RAMÓN,2021,41.0
IADM74,13131,SAN RAMÓN,2022,48.0
IADM74,13131,SAN RAMÓN,2023,52.0
IADM74,13131,SAN RAMÓN,2024,51.0
IADM74,13131,SAN RAMÓN,2025,53.0
IADM74,13132,VITACURA,2017,802.0
IADM74,13132,VITACURA,2018,875.0
IADM74,13132,VITACURA,2019,863.0
IADM74,13132,VITACURA,2020,779.0
IADM74,13132,VITACURA,2021,814.0
IADM74,13132,VITACURA,2022,829.0
IADM74,13132,VITACURA,2023,932.0
IADM74,13132,VITACURA,2024,923.0
IADM74,13132,VITACURA,2025,929.0
IADM74,13201,PUENTE ALTO,2017,36.0
IADM74,13201,PUENTE ALTO,2018,39.0
IADM74,13201,PUENTE ALTO,2019,40.0
IADM74,13201,PUENTE ALTO,2020,36.0
IADM74,13201,PUENTE ALTO,2021,39.0
IADM74,13201,PUENTE ALTO,2022,41.0
IADM74,13201,PUENTE ALTO,2023,45.0
IADM74,13201,PUENTE ALTO,2024,48.0
IADM74,13201,PUENTE ALTO,2025,49.0
IADM74,13202,PIRQUE,2017,275.0
IADM74,13202,PIRQUE,2018,282.0
IADM74,13202,PIRQUE,2019,214.0
IADM74,13202,PIRQUE,2020,191.0
IADM74,13202,PIRQUE,2021,200.0
IADM74,13202,PIRQUE,2022,192.0
IADM74,13202,PIRQUE,2023,230.0
IADM74,13202,PIRQUE,2024,228.0
IADM74,13202,PIRQUE,2025,257.0
IADM74,13203,SAN JOSÉ DE MAIPO,2017,237.0
IADM74,13203,SAN JOSÉ DE MAIPO,2018,234.0
IADM74,13203,SAN JOSÉ DE MAIPO,2019,190.0
IADM74,13203,SAN JOSÉ DE MAIPO,2020,135.0
IADM74,13203,SAN JOSÉ DE MAIPO,2021,134.0
IADM74,13203,SAN JOSÉ DE MAIPO,2022,148.0
IADM74,13203,SAN JOSÉ DE MAIPO,2023,191.0
IADM74,13203,SAN JOSÉ DE MAIPO,2024,208.0
IADM74,13203,SAN JOSÉ DE MAIPO,2025,198.0
IADM74,13301,COLINA,2017,268.0
IADM74,13301,COLINA,2018,279.0
IADM74,13301,COLINA,2019,225.0
IADM74,13301,COLINA,2020,215.0
IADM74,13301,COLINA,2021,219.0
IADM74,13301,COLINA,2022,220.0
IADM74,13301,COLINA,2023,234.0
IADM74,13301,COLINA,2024,256.0
IADM74,13301,COLINA,2025,260.0
IADM74,13302,LAMPA,2017,188.0
IADM74,13302,LAMPA,2018,191.0
IADM74,13302,LAMPA,2019,170.0
IADM74,13302,LAMPA,2020,164.0
IADM74,13302,LAMPA,2021,
IADM74,13302,LAMPA,2022,172.0
IADM74,13302,LAMPA,2023,187.0
IADM74,13302,LAMPA,2024,205.0
IADM74,13302,LAMPA,2025,206.0
IADM74,13303,TILTIL,2017,148.0
IADM74,13303,TILTIL,2018,164.0
IADM74,13303,TILTIL,2019,151.0
IADM74,13303,TILTIL,2020,128.0
IADM74,13303,TILTIL,2021,132.0
IADM74,13303,TILTIL,2022,138.0
IADM74,13303,TILTIL,2023,142.0
IADM74,13303,TILTIL,2024,136.0
IADM74,13303,TILTIL,2025,142.0
IADM74,13401,SAN BERNARDO,2017,107.0
IADM74,13401,SAN BERNARDO,2018,117.0
IADM74,13401,SAN BERNARDO,2019,109.0
IADM74,13401,SAN BERNARDO,2020,102.0
IADM74,13401,SAN BERNARDO,2021,107.0
IADM74,13401,SAN BERNARDO,2022,106.0
IADM74,13401,SAN BERNARDO,2023,124.0
IADM74,13401,SAN BERNARDO,2024,134.0
IADM74,13401,SAN BERNARDO,2025,133.0
IADM74,13402,BUIN,2017,128.0
IADM74,13402,BUIN,2018,140.0
IADM74,13402,BUIN,2019,119.0
IADM74,13402,BUIN,2020,105.0
IADM74,13402,BUIN,2021,113.0
IADM74,13402,BUIN,2022,110.0
IADM74,13402,BUIN,2023,116.0
IADM74,13402,BUIN,2024,119.0
IADM74,13402,BUIN,2025,121.0
IADM74,13403,CALERA DE TANGO,2017,214.0
IADM74,13403,CALERA DE TANGO,2018,215.0
IADM74,13403,CALERA DE TANGO,2019,200.0
IADM74,13403,CALERA DE TANGO,2020,201.0
IADM74,13403,CALERA DE TANGO,2021,185.0
IADM74,13403,CALERA DE TANGO,2022,157.0
IADM74,13403,CALERA DE TANGO,2023,184.0
IADM74,13403,CALERA DE TANGO,2024,188.0
IADM74,13403,CALERA DE TANGO,2025,202.0
IADM74,13404,PAINE,2017,101.0
IADM74,13404,PAINE,2018,108.0
IADM74,13404,PAINE,2019,99.0
IADM74,13404,PAINE,2020,97.0
IADM74,13404,PAINE,2021,104.0
IADM74,13404,PAINE,2022,107.0
IADM74,13404,PAINE,2023,133.0
IADM74,13404,PAINE,2024,130.0
IADM74,13404,PAINE,2025,151.0
IADM74,13501,MELIPILLA,2017,62.0
IADM74,13501,MELIPILLA,2018,70.0
IADM74,13501,MELIPILLA,2019,56.0
IADM74,13501,MELIPILLA,2020,53.0
IADM74,13501,MELIPILLA,2021,61.0
IADM74,13501,MELIPILLA,2022,60.0
IADM74,13501,MELIPILLA,2023,61.0
IADM74,13501,MELIPILLA,2024,66.0
IADM74,13501,MELIPILLA,2025,67.0
IADM74,13502,ALHUÉ,2017,372.0
IADM74,13502,ALHUÉ,2018,433.0
IADM74,13502,ALHUÉ,2019,448.0
IADM74,13502,ALHUÉ,2020,
IADM74,13502,ALHUÉ,2021,578.0
IADM74,13502,ALHUÉ,2022,733.0
IADM74,13502,ALHUÉ,2023,1059.0
IADM74,13502,ALHUÉ,2024,1398.0
IADM74,13502,ALHUÉ,2025,1491.0
IADM74,13503,CURACAVÍ,2017,114.0
IADM74,13503,CURACAVÍ,2018,128.0
IADM74,13503,CURACAVÍ,2019,115.0
IADM74,13503,CURACAVÍ,2020,109.0
IADM74,13503,CURACAVÍ,2021,136.0
IADM74,13503,CURACAVÍ,2022,129.0
IADM74,13503,CURACAVÍ,2023,147.0
IADM74,13503,CURACAVÍ,2024,153.0
IADM74,13503,CURACAVÍ,2025,160.0
IADM74,13504,MARÍA PINTO,2017,155.0
IADM74,13504,MARÍA PINTO,2018,176.0
IADM74,13504,MARÍA PINTO,2019,163.0
IADM74,13504,MARÍA PINTO,2020,157.0
IADM74,13504,MARÍA PINTO,2021,178.0
IADM74,13504,MARÍA PINTO,2022,180.0
IADM74,13504,MARÍA PINTO,2023,221.0
IADM74,13504,MARÍA PINTO,2024,198.0
IADM74,13504,MARÍA PINTO,2025,172.0
IADM74,13505,SAN PEDRO,2017,80.0
IADM74,13505,SAN PEDRO,2018,94.0
IADM74,13505,SAN PEDRO,2019,79.0
IADM74,13505,SAN PEDRO,2020,74.0
IADM74,13505,SAN PEDRO,2021,86.0
IADM74,13505,SAN PEDRO,2022,82.0
IADM74,13505,SAN PEDRO,2023,93.0
IADM74,13505,SAN PEDRO,2024,115.0
IADM74,13505,SAN PEDRO,2025,103.0
IADM74,13601,TALAGANTE,2017,71.0
IADM74,13601,TALAGANTE,2018,77.0
IADM74,13601,TALAGANTE,2019,69.0
IADM74,13601,TALAGANTE,2020,63.0
IADM74,13601,TALAGANTE,2021,71.0
IADM74,13601,TALAGANTE,2022,71.0
IADM74,13601,TALAGANTE,2023,81.0
IADM74,13601,TALAGANTE,2024,89.0
IADM74,13601,TALAGANTE,2025,89.0
IADM74,13602,EL MONTE,2017,83.0
IADM74,13602,EL MONTE,2018,93.0
IADM74,13602,EL MONTE,2019,96.0
IADM74,13602,EL MONTE,2020,104.0
IADM74,13602,EL MONTE,2021,103.0
IADM74,13602,EL MONTE,2022,98.0
IADM74,13602,EL MONTE,2023,95.0
IADM74,13602,EL MONTE,2024,86.0
IADM74,13602,EL MONTE,2025,86.0
IADM74,13603,ISLA DE MAIPO,2017,80.0
IADM74,13603,ISLA DE MAIPO,2018,92.0
IADM74,13603,ISLA DE MAIPO,2019,86.0
IADM74,13603,ISLA DE MAIPO,2020,84.0
IADM74,13603,ISLA DE MAIPO,2021,99.0
IADM74,13603,ISLA DE MAIPO,2022,95.0
IADM74,13603,ISLA DE MAIPO,2023,102.0
IADM74,13603,ISLA DE MAIPO,2024,112.0
IADM74,13603,ISLA DE MAIPO,2025,126.0
IADM74,13604,PADRE HURTADO,2017,91.0
IADM74,13604,PADRE HURTADO,2018,102.0
IADM74,13604,PADRE HURTADO,2019,84.0
IADM74,13604,PADRE HURTADO,2020,78.0
IADM74,13604,PADRE HURTADO,2021,82.0
IADM74,13604,PADRE HURTADO,2022,86.0
IADM74,13604,PADRE HURTADO,2023,113.0
IADM74,13604,PADRE HURTADO,2024,122.0
IADM74,13604,PADRE HURTADO,2025,83.0
IADM74,13605,PEÑAFLOR,2017,56.0
IADM74,13605,PEÑAFLOR,2018,63.0
IADM74,13605,PEÑAFLOR,2019,62.0
IADM74,13605,PEÑAFLOR,2020,57.0
IADM74,13605,PEÑAFLOR,2021,63.0
IADM74,13605,PEÑAFLOR,2022,67.0
IADM74,13605,PEÑAFLOR,2023,72.0
IADM74,13605,PEÑAFLOR,2024,76.0
IADM74,13605,PEÑAFLOR,2025,80.0
ISOC001,13101,SANTIAGO,2017,5.93
ISOC001,13101,SANTIAGO,2018,4.08
ISOC001,13101,SANTIAGO,2019,4.08
ISOC001,13101,SANTIAGO,2020,4.08
ISOC001,13101,SANTIAGO,2021,8.43
ISOC001,13101,SANTIAGO,2022,8.41
ISOC001,13101,SANTIAGO,2023,3.9
ISOC001,13101,SANTIAGO,2024,3.86
ISOC001,13101,SANTIAGO,2025,3.9
ISOC001,13102,CERRILLOS,2017,8.11
ISOC001,13102,CERRILLOS,2018,6.48
ISOC001,13102,CERRILLOS,2019,6.48
ISOC001,13102,CERRILLOS,2020,6.48
ISOC001,13102,CERRILLOS,2021,8.99
ISOC001,13102,CERRILLOS,2022,9.04
ISOC001,13102,CERRILLOS,2023,5.2
ISOC001,13102,CERRILLOS,2024,5.23
ISOC001,13102,CERRILLOS,2025,5.2
ISOC001,13103,CERRO NAVIA,2017,12.07
ISOC001,13103,CERRO NAVIA,2018,7.59
ISOC001,13103,CERRO NAVIA,2019,7.59
ISOC001,13103,CERRO NAVIA,2020,7.59
ISOC001,13103,CERRO NAVIA,2021,12.87
ISOC001,13103,CERRO NAVIA,2022,12.92
ISOC001,13103,CERRO NAVIA,2023,6.0
ISOC001,13103,CERRO NAVIA,2024,6.01
ISOC001,13103,CERRO NAVIA,2025,6.0
ISOC001,13104,CONCHALÍ,2017,10.17
ISOC001,13104,CONCHALÍ,2018,7.43
ISOC001,13104,CONCHALÍ,2019,7.43
ISOC001,13104,CONCHALÍ,2020,7.43
ISOC001,13104,CONCHALÍ,2021,12.44
ISOC001,13104,CONCHALÍ,2022,12.46
ISOC001,13104,CONCHALÍ,2023,6.1
ISOC001,13104,CONCHALÍ,2024,6.08
ISOC001,13104,CONCHALÍ,2025,6.1
ISOC001,13105,EL BOSQUE,2017,14.54
ISOC001,13105,EL BOSQUE,2018,9.58
ISOC001,13105,EL BOSQUE,2019,9.58
ISOC001,13105,EL BOSQUE,2020,9.58
ISOC001,13105,EL BOSQUE,2021,12.56
ISOC001,13105,EL BOSQUE,2022,12.56
ISOC001,13105,EL BOSQUE,2023,6.2
ISOC001,13105,EL BOSQUE,2024,6.2
ISOC001,13105,EL BOSQUE,2025,6.2
ISOC001,13106,ESTACIÓN CENTRAL,2017,6.16
ISOC001,13106,ESTACIÓN CENTRAL,2018,5.81
ISOC001,13106,ESTACIÓN CENTRAL,2019,5.81
ISOC001,13106,ESTACIÓN CENTRAL,2020,5.81
ISOC001,13106,ESTACIÓN CENTRAL,2021,11.68
ISOC001,13106,ESTACIÓN CENTRAL,2022,11.69
ISOC001,13106,ESTACIÓN CENTRAL,2023,5.0
ISOC001,13106,ESTACIÓN CENTRAL,2024,5.04
ISOC001,13106,ESTACIÓN CENTRAL,2025,5.0
ISOC001,13107,HUECHURABA,2017,6.11
ISOC001,13107,HUECHURABA,2018,5.64
ISOC001,13107,HUECHURABA,2019,5.64
ISOC001,13107,HUECHURABA,2020,5.64
ISOC001,13107,HUECHURABA,2021,8.25
ISOC001,13107,HUECHURABA,2022,8.25
ISOC001,13107,HUECHURABA,2023,4.3
ISOC001,13107,HUECHURABA,2024,4.28
ISOC001,13107,HUECHURABA,2025,4.3
ISOC001,13108,INDEPENDENCIA,2017,9.85
ISOC001,13108,INDEPENDENCIA,2018,8.5
ISOC001,13108,INDEPENDENCIA,2019,8.5
ISOC001,13108,INDEPENDENCIA,2020,8.5
ISOC001,13108,INDEPENDENCIA,2021,13.93
ISOC001,13108,INDEPENDENCIA,2022,13.93
ISOC001,13108,INDEPENDENCIA,2023,5.8
ISOC001,13108,INDEPENDENCIA,2024,5.83
ISOC001,13108,INDEPENDENCIA,2025,5.8
ISOC001,13109,LA CISTERNA,2017,3.63
ISOC001,13109,LA CISTERNA,2018,6.6
ISOC001,13109,LA CISTERNA,2019,6.6
ISOC001,13109,LA CISTERNA,2020,6.6
ISOC001,13109,LA CISTERNA,2021,7.8
ISOC001,13109,LA CISTERNA,2022,7.81
ISOC001,13109,LA CISTERNA,2023,4.1
ISOC001,13109,LA CISTERNA,2024,4.09
ISOC001,13109,LA CISTERNA,2025,4.1
ISOC001,13110,LA FLORIDA,2017,3.11
ISOC001,13110,LA FLORIDA,2018,4.5
ISOC001,13110,LA FLORIDA,2019,4.5
ISOC001,13110,LA FLORIDA,2020,4.5
ISOC001,13110,LA FLORIDA,2021,8.04
ISOC001,13110,LA FLORIDA,2022,8.01
ISOC001,13110,LA FLORIDA,2023,3.5
ISOC001,13110,LA FLORIDA,2024,3.53
ISOC001,13110,LA FLORIDA,2025,3.5
ISOC001,13111,LA GRANJA,2017,7.22
ISOC001,13111,LA GRANJA,2018,4.75
ISOC001,13111,LA GRANJA,2019,4.75
ISOC001,13111,LA GRANJA,2020,4.75
ISOC001,13111,LA GRANJA,2021,11.95
ISOC001,13111,LA GRANJA,2022,11.94
ISOC001,13111,LA GRANJA,2023,6.0
ISOC001,13111,LA GRANJA,2024,6.03
ISOC001,13111,LA GRANJA,2025,6.0
ISOC001,13112,LA PINTANA,2017,13.86
ISOC001,13112,LA PINTANA,2018,14.14
ISOC001,13112,LA PINTANA,2019,14.14
ISOC001,13112,LA PINTANA,2020,14.14
ISOC001,13112,LA PINTANA,2021,15.31
ISOC001,13112,LA PINTANA,2022,15.34
ISOC001,13112,LA PINTANA,2023,9.3
ISOC001,13112,LA PINTANA,2024,9.29
ISOC001,13112,LA PINTANA,2025,9.3
ISOC001,13113,LA REINA,2017,2.34
ISOC001,13113,LA REINA,2018,0.99
ISOC001,13113,LA REINA,2019,0.99
ISOC001,13113,LA REINA,2020,0.99
ISOC001,13113,LA REINA,2021,4.7
ISOC001,13113,LA REINA,2022,4.69
ISOC001,13113,LA REINA,2023,1.6
ISOC001,13113,LA REINA,2024,1.6
ISOC001,13113,LA REINA,2025,1.6
ISOC001,13114,LAS CONDES,2017,0.56
ISOC001,13114,LAS CONDES,2018,0.19
ISOC001,13114,LAS CONDES,2019,0.19
ISOC001,13114,LAS CONDES,2020,0.19
ISOC001,13114,LAS CONDES,2021,2.79
ISOC001,13114,LAS CONDES,2022,2.78
ISOC001,13114,LAS CONDES,2023,0.9
ISOC001,13114,LAS CONDES,2024,0.91
ISOC001,13114,LAS CONDES,2025,0.9
ISOC001,13115,LO BARNECHEA,2017,2.46
ISOC001,13115,LO BARNECHEA,2018,2.84
ISOC001,13115,LO BARNECHEA,2019,2.84
ISOC001,13115,LO BARNECHEA,2020,2.84
ISOC001,13115,LO BARNECHEA,2021,5.5
ISOC001,13115,LO BARNECHEA,2022,5.49
ISOC001,13115,LO BARNECHEA,2023,0.9
ISOC001,13115,LO BARNECHEA,2024,0.9
ISOC001,13115,LO BARNECHEA,2025,0.9
ISOC001,13116,LO ESPEJO,2017,9.5
ISOC001,13116,LO ESPEJO,2018,6.69
ISOC001,13116,LO ESPEJO,2019,6.69
ISOC001,13116,LO ESPEJO,2020,6.69
ISOC001,13116,LO ESPEJO,2021,14.39
ISOC001,13116,LO ESPEJO,2022,14.42
ISOC001,13116,LO ESPEJO,2023,6.8
ISOC001,13116,LO ESPEJO,2024,6.78
ISOC001,13116,LO ESPEJO,2025,6.8
ISOC001,13117,LO PRADO,2017,5.67
ISOC001,13117,LO PRADO,2018,5.78
ISOC001,13117,LO PRADO,2019,5.78
ISOC001,13117,LO PRADO,2020,5.78
ISOC001,13117,LO PRADO,2021,13.72
ISOC001,13117,LO PRADO,2022,13.68
ISOC001,13117,LO PRADO,2023,5.3
ISOC001,13117,LO PRADO,2024,5.33
ISOC001,13117,LO PRADO,2025,5.3
ISOC001,13118,MACUL,2017,5.32
ISOC001,13118,MACUL,2018,7.45
ISOC001,13118,MACUL,2019,7.45
ISOC001,13118,MACUL,2020,7.45
ISOC001,13118,MACUL,2021,6.96
ISOC001,13118,MACUL,2022,6.95
ISOC001,13118,MACUL,2023,3.5
ISOC001,13118,MACUL,2024,3.47
ISOC001,13118,MACUL,2025,3.5
ISOC001,13119,MAIPÚ,2017,5.24
ISOC001,13119,MAIPÚ,2018,2.57
ISOC001,13119,MAIPÚ,2019,2.57
ISOC001,13119,MAIPÚ,2020,2.57
ISOC001,13119,MAIPÚ,2021,7.04
ISOC001,13119,MAIPÚ,2022,7.03
ISOC001,13119,MAIPÚ,2023,3.3
ISOC001,13119,MAIPÚ,2024,3.25
ISOC001,13119,MAIPÚ,2025,3.3
ISOC001,13120,ÑUÑOA,2017,2.41
ISOC001,13120,ÑUÑOA,2018,0.9
ISOC001,13120,ÑUÑOA,2019,0.9
ISOC001,13120,ÑUÑOA,2020,0.9
ISOC001,13120,ÑUÑOA,2021,3.98
ISOC001,13120,ÑUÑOA,2022,3.97
ISOC001,13120,ÑUÑOA,2023,1.5
ISOC001,13120,ÑUÑOA,2024,1.49
ISOC001,13120,ÑUÑOA,2025,1.5
ISOC001,13121,PEDRO AGUIRRE CERDA,2017,11.02
ISOC001,13121,PEDRO AGUIRRE CERDA,2018,6.21
ISOC001,13121,PEDRO AGUIRRE CERDA,2019,6.21
ISOC001,13121,PEDRO AGUIRRE CERDA,2020,6.21
ISOC001,13121,PEDRO AGUIRRE CERDA,2021,11.7
ISOC001,13121,PEDRO AGUIRRE CERDA,2022,11.72
ISOC001,13121,PEDRO AGUIRRE CERDA,2023,5.5
ISOC001,13121,PEDRO AGUIRRE CERDA,2024,5.47
ISOC001,13121,PEDRO AGUIRRE CERDA,2025,5.5
ISOC001,13122,PEÑALOLÉN,2017,4.75
ISOC001,13122,PEÑALOLÉN,2018,4.37
ISOC001,13122,PEÑALOLÉN,2019,4.37
ISOC001,13122,PEÑALOLÉN,2020,4.37
ISOC001,13122,PEÑALOLÉN,2021,10.61
ISOC001,13122,PEÑALOLÉN,2022,10.6
ISOC001,13122,PEÑALOLÉN,2023,3.2
ISOC001,13122,PEÑALOLÉN,2024,3.24
ISOC001,13122,PEÑALOLÉN,2025,3.2
ISOC001,13123,PROVIDENCIA,2017,0.74
ISOC001,13123,PROVIDENCIA,2018,0.43
ISOC001,13123,PROVIDENCIA,2019,0.43
ISOC001,13123,PROVIDENCIA,2020,0.43
ISOC001,13123,PROVIDENCIA,2021,3.64
ISOC001,13123,PROVIDENCIA,2022,3.63
ISOC001,13123,PROVIDENCIA,2023,1.3
ISOC001,13123,PROVIDENCIA,2024,1.32
ISOC001,13123,PROVIDENCIA,2025,1.3
ISOC001,13124,PUDAHUEL,2017,7.77
ISOC001,13124,PUDAHUEL,2018,8.25
ISOC001,13124,PUDAHUEL,2019,8.25
ISOC001,13124,PUDAHUEL,2020,8.25
ISOC001,13124,PUDAHUEL,2021,8.89
ISOC001,13124,PUDAHUEL,2022,8.88
ISOC001,13124,PUDAHUEL,2023,4.4
ISOC001,13124,PUDAHUEL,2024,4.37
ISOC001,13124,PUDAHUEL,2025,4.4
ISOC001,13125,QUILICURA,2017,7.82
ISOC001,13125,QUILICURA,2018,5.68
ISOC001,13125,QUILICURA,2019,5.68
ISOC001,13125,QUILICURA,2020,5.68
ISOC001,13125,QUILICURA,2021,8.54
ISOC001,13125,QUILICURA,2022,8.53
ISOC001,13125,QUILICURA,2023,5.2
ISOC001,13125,QUILICURA,2024,5.22
ISOC001,13125,QUILICURA,2025,5.2
ISOC001,13126,QUINTA NORMAL,2017,5.94
ISOC001,13126,QUINTA NORMAL,2018,3.73
ISOC001,13126,QUINTA NORMAL,2019,3.73
ISOC001,13126,QUINTA NORMAL,2020,3.73
ISOC001,13126,QUINTA NORMAL,2021,9.17
ISOC001,13126,QUINTA NORMAL,2022,9.16
ISOC001,13126,QUINTA NORMAL,2023,2.1
ISOC001,13126,QUINTA NORMAL,2024,2.15
ISOC001,13126,QUINTA NORMAL,2025,2.1
ISOC001,13127,RECOLETA,2017,13.86
ISOC001,13127,RECOLETA,2018,6.89
ISOC001,13127,RECOLETA,2019,6.89
ISOC001,13127,RECOLETA,2020,6.89
ISOC001,13127,RECOLETA,2021,13.24
ISOC001,13127,RECOLETA,2022,13.24
ISOC001,13127,RECOLETA,2023,5.1
ISOC001,13127,RECOLETA,2024,5.14
ISOC001,13127,RECOLETA,2025,5.1
ISOC001,13128,RENCA,2017,8.54
ISOC001,13128,RENCA,2018,3.73
ISOC001,13128,RENCA,2019,3.73
ISOC001,13128,RENCA,2020,3.73
ISOC001,13128,RENCA,2021,10.16
ISOC001,13128,RENCA,2022,10.19
ISOC001,13128,RENCA,2023,5.3
ISOC001,13128,RENCA,2024,5.26
ISOC001,13128,RENCA,2025,5.3
ISOC001,13129,SAN JOAQUÍN,2017,6.6
ISOC001,13129,SAN JOAQUÍN,2018,5.24
ISOC001,13129,SAN JOAQUÍN,2019,5.24
ISOC001,13129,SAN JOAQUÍN,2020,5.24
ISOC001,13129,SAN JOAQUÍN,2021,11.79
ISOC001,13129,SAN JOAQUÍN,2022,11.8
ISOC001,13129,SAN JOAQUÍN,2023,4.8
ISOC001,13129,SAN JOAQUÍN,2024,4.84
ISOC001,13129,SAN JOAQUÍN,2025,4.8
ISOC001,13130,SAN MIGUEL,2017,3.46
ISOC001,13130,SAN MIGUEL,2018,4.85
ISOC001,13130,SAN MIGUEL,2019,4.85
ISOC001,13130,SAN MIGUEL,2020,4.85
ISOC001,13130,SAN MIGUEL,2021,5.34
ISOC001,13130,SAN MIGUEL,2022,5.32
ISOC001,13130,SAN MIGUEL,2023,2.2
ISOC001,13130,SAN MIGUEL,2024,2.17
ISOC001,13130,SAN MIGUEL,2025,2.2
ISOC001,13131,SAN RAMÓN,2017,9.41
ISOC001,13131,SAN RAMÓN,2018,4.6
ISOC001,13131,SAN RAMÓN,2019,4.6
ISOC001,13131,SAN RAMÓN,2020,4.6
ISOC001,13131,SAN RAMÓN,2021,13.12
ISOC001,13131,SAN RAMÓN,2022,13.15
ISOC001,13131,SAN RAMÓN,2023,6.9
ISOC001,13131,SAN RAMÓN,2024,6.88
ISOC001,13131,SAN RAMÓN,2025,6.9
ISOC001,13132,VITACURA,2017,0.03
ISOC001,13132,VITACURA,2018,0.13
ISOC001,13132,VITACURA,2019,0.13
ISOC001,13132,VITACURA,2020,0.13
ISOC001,13132,VITACURA,2021,3.33
ISOC001,13132,VITACURA,2022,3.33
ISOC001,13132,VITACURA,2023,0.9
ISOC001,13132,VITACURA,2024,0.89
ISOC001,13132,VITACURA,2025,0.9
ISOC001,13201,PUENTE ALTO,2017,8.02
ISOC001,13201,PUENTE ALTO,2018,7.29
ISOC001,13201,PUENTE ALTO,2019,7.29
ISOC001,13201,PUENTE ALTO,2020,7.29
ISOC001,13201,PUENTE ALTO,2021,7.99
ISOC001,13201,PUENTE ALTO,2022,7.99
ISOC001,13201,PUENTE ALTO,2023,5.0
ISOC001,13201,PUENTE ALTO,2024,5.04
ISOC001,13201,PUENTE ALTO,2025,5.0
ISOC001,13202,PIRQUE,2017,3.63
ISOC001,13202,PIRQUE,2018,4.75
ISOC001,13202,PIRQUE,2019,4.75
ISOC001,13202,PIRQUE,2020,4.75
ISOC001,13202,PIRQUE,2021,9.25
ISOC001,13202,PIRQUE,2022,9.25
ISOC001,13202,PIRQUE,2023,2.7
ISOC001,13202,PIRQUE,2024,2.74
ISOC001,13202,PIRQUE,2025,2.7
ISOC001,13203,SAN JOSÉ DE MAIPO,2017,5.68
ISOC001,13203,SAN JOSÉ DE MAIPO,2018,5.99
ISOC001,13203,SAN JOSÉ DE MAIPO,2019,5.99
ISOC001,13203,SAN JOSÉ DE MAIPO,2020,5.99
ISOC001,13203,SAN JOSÉ DE MAIPO,2021,9.24
ISOC001,13203,SAN JOSÉ DE MAIPO,2022,9.24
ISOC001,13203,SAN JOSÉ DE MAIPO,2023,4.7
ISOC001,13203,SAN JOSÉ DE MAIPO,2024,4.69
ISOC001,13203,SAN JOSÉ DE MAIPO,2025,4.7
ISOC001,13301,COLINA,2017,12.56
ISOC001,13301,COLINA,2018,6.4
ISOC001,13301,COLINA,2019,6.4
ISOC001,13301,COLINA,2020,6.4
ISOC001,13301,COLINA,2021,8.58
ISOC001,13301,COLINA,2022,8.59
ISOC001,13301,COLINA,2023,5.1
ISOC001,13301,COLINA,2024,5.11
ISOC001,13301,COLINA,2025,5.1
ISOC001,13302,LAMPA,2017,9.81
ISOC001,13302,LAMPA,2018,3.61
ISOC001,13302,LAMPA,2019,3.61
ISOC001,13302,LAMPA,2020,3.61
ISOC001,13302,LAMPA,2021,10.2
ISOC001,13302,LAMPA,2022,10.25
ISOC001,13302,LAMPA,2023,4.9
ISOC001,13302,LAMPA,2024,4.95
ISOC001,13302,LAMPA,2025,4.9
ISOC001,13303,TILTIL,2017,7.89
ISOC001,13303,TILTIL,2018,6.79
ISOC001,13303,TILTIL,2019,6.79
ISOC001,13303,TILTIL,2020,6.79
ISOC001,13303,TILTIL,2021,10.05
ISOC001,13303,TILTIL,2022,10.06
ISOC001,13303,TILTIL,2023,6.1
ISOC001,13303,TILTIL,2024,6.06
ISOC001,13303,TILTIL,2025,6.1
ISOC001,13401,SAN BERNARDO,2017,9.19
ISOC001,13401,SAN BERNARDO,2018,9.42
ISOC001,13401,SAN BERNARDO,2019,9.42
ISOC001,13401,SAN BERNARDO,2020,9.42
ISOC001,13401,SAN BERNARDO,2021,10.68
ISOC001,13401,SAN BERNARDO,2022,10.69
ISOC001,13401,SAN BERNARDO,2023,6.0
ISOC001,13401,SAN BERNARDO,2024,5.99
ISOC001,13401,SAN BERNARDO,2025,6.0
ISOC001,13402,BUIN,2017,10.27
ISOC001,13402,BUIN,2018,8.04
ISOC001,13402,BUIN,2019,8.04
ISOC001,13402,BUIN,2020,8.04
ISOC001,13402,BUIN,2021,8.51
ISOC001,13402,BUIN,2022,8.51
ISOC001,13402,BUIN,2023,4.4
ISOC001,13402,BUIN,2024,4.45
ISOC001,13402,BUIN,2025,4.4
ISOC001,13403,CALERA DE TANGO,2017,2.76
ISOC001,13403,CALERA DE TANGO,2018,3.53
ISOC001,13403,CALERA DE TANGO,2019,3.53
ISOC001,13403,CALERA DE TANGO,2020,3.53
ISOC001,13403,CALERA DE TANGO,2021,9.24
ISOC001,13403,CALERA DE TANGO,2022,9.23
ISOC001,13403,CALERA DE TANGO,2023,3.5
ISOC001,13403,CALERA DE TANGO,2024,3.48
ISOC001,13403,CALERA DE TANGO,2025,3.5
ISOC001,13404,PAINE,2017,8.08
ISOC001,13404,PAINE,2018,4.24
ISOC001,13404,PAINE,2019,4.24
ISOC001,13404,PAINE,2020,4.24
ISOC001,13404,PAINE,2021,11.04
ISOC001,13404,PAINE,2022,11.02
ISOC001,13404,PAINE,2023,5.9
ISOC001,13404,PAINE,2024,5.87
ISOC001,13404,PAINE,2025,5.9
ISOC001,13501,MELIPILLA,2017,14.01
ISOC001,13501,MELIPILLA,2018,5.17
ISOC001,13501,MELIPILLA,2019,5.17
ISOC001,13501,MELIPILLA,2020,5.17
ISOC001,13501,MELIPILLA,2021,9.12
ISOC001,13501,MELIPILLA,2022,9.11
ISOC001,13501,MELIPILLA,2023,7.6
ISOC001,13501,MELIPILLA,2024,7.57
ISOC001,13501,MELIPILLA,2025,7.6
ISOC001,13502,ALHUÉ,2017,10.47
ISOC001,13502,ALHUÉ,2018,6.71
ISOC001,13502,ALHUÉ,2019,6.71
ISOC001,13502,ALHUÉ,2020,6.71
ISOC001,13502,ALHUÉ,2021,7.2
ISOC001,13502,ALHUÉ,2022,7.19
ISOC001,13502,ALHUÉ,2023,9.6
ISOC001,13502,ALHUÉ,2024,9.61
ISOC001,13502,ALHUÉ,2025,9.6
ISOC001,13503,CURACAVÍ,2017,6.88
ISOC001,13503,CURACAVÍ,2018,7.44
ISOC001,13503,CURACAVÍ,2019,7.44
ISOC001,13503,CURACAVÍ,2020,7.44
ISOC001,13503,CURACAVÍ,2021,9.55
ISOC001,13503,CURACAVÍ,2022,9.6
ISOC001,13503,CURACAVÍ,2023,6.0
ISOC001,13503,CURACAVÍ,2024,6.0
ISOC001,13503,CURACAVÍ,2025,6.0
ISOC001,13504,MARÍA PINTO,2017,10.58
ISOC001,13504,MARÍA PINTO,2018,10.8
ISOC001,13504,MARÍA PINTO,2019,10.8
ISOC001,13504,MARÍA PINTO,2020,10.8
ISOC001,13504,MARÍA PINTO,2021,10.29
ISOC001,13504,MARÍA PINTO,2022,10.33
ISOC001,13504,MARÍA PINTO,2023,7.3
ISOC001,13504,MARÍA PINTO,2024,7.31
ISOC001,13504,MARÍA PINTO,2025,7.3
ISOC001,13505,SAN PEDRO,2017,11.54
ISOC001,13505,SAN PEDRO,2018,9.27
ISOC001,13505,SAN PEDRO,2019,9.27
ISOC001,13505,SAN PEDRO,2020,9.27
ISOC001,13505,SAN PEDRO,2021,13.26
ISOC001,13505,SAN PEDRO,2022,13.28
ISOC001,13505,SAN PEDRO,2023,14.1
ISOC001,13505,SAN PEDRO,2024,14.1
ISOC001,13505,SAN PEDRO,2025,14.1
ISOC001,13601,TALAGANTE,2017,11.95
ISOC001,13601,TALAGANTE,2018,3.71
ISOC001,13601,TALAGANTE,2019,3.71
ISOC001,13601,TALAGANTE,2020,3.71
ISOC001,13601,TALAGANTE,2021,8.86
ISOC001,13601,TALAGANTE,2022,8.86
ISOC001,13601,TALAGANTE,2023,6.3
ISOC001,13601,TALAGANTE,2024,6.26
ISOC001,13601,TALAGANTE,2025,6.3
ISOC001,13602,EL MONTE,2017,6.09
ISOC001,13602,EL MONTE,2018,8.73
ISOC001,13602,EL MONTE,2019,8.73
ISOC001,13602,EL MONTE,2020,8.73
ISOC001,13602,EL MONTE,2021,11.74
ISOC001,13602,EL MONTE,2022,11.78
ISOC001,13602,EL MONTE,2023,7.1
ISOC001,13602,EL MONTE,2024,7.08
ISOC001,13602,EL MONTE,2025,7.1
ISOC001,13603,ISLA DE MAIPO,2017,10.32
ISOC001,13603,ISLA DE MAIPO,2018,8.33
ISOC001,13603,ISLA DE MAIPO,2019,8.33
ISOC001,13603,ISLA DE MAIPO,2020,8.33
ISOC001,13603,ISLA DE MAIPO,2021,11.46
ISOC001,13603,ISLA DE MAIPO,2022,11.46
ISOC001,13603,ISLA DE MAIPO,2023,6.4
ISOC001,13603,ISLA DE MAIPO,2024,6.42
ISOC001,13603,ISLA DE MAIPO,2025,6.4
ISOC001,13604,PADRE HURTADO,2017,10.27
ISOC001,13604,PADRE HURTADO,2018,8.78
ISOC001,13604,PADRE HURTADO,2019,8.78
ISOC001,13604,PADRE HURTADO,2020,8.78
ISOC001,13604,PADRE HURTADO,2021,9.02
ISOC001,13604,PADRE HURTADO,2022,9.02
ISOC001,13604,PADRE HURTADO,2023,3.7
ISOC001,13604,PADRE HURTADO,2024,3.66
ISOC001,13604,PADRE HURTADO,2025,3.7
ISOC001,13605,PEÑAFLOR,2017,7.92
ISOC001,13605,PEÑAFLOR,2018,4.89
ISOC001,13605,PEÑAFLOR,2019,4.89
ISOC001,13605,PEÑAFLOR,2020,4.89
ISOC001,13605,PEÑAFLOR,2021,8.98
ISOC001,13605,PEÑAFLOR,2022,8.99
ISOC001,13605,PEÑAFLOR,2023,7.3
ISOC001,13605,PEÑAFLOR,2024,7.33
ISOC001,13605,PEÑAFLOR,2025,7.3
ITPC,13101,SANTIAGO,2017,386471.0
ITPC,13101,SANTIAGO,2018,400869.0
ITPC,13101,SANTIAGO,2019,486838.0
ITPC,13101,SANTIAGO,2020,503147.0
ITPC,13101,SANTIAGO,2021,517280.0
ITPC,13101,SANTIAGO,2022,527014.0
ITPC,13101,SANTIAGO,2023,536089.0
ITPC,13101,SANTIAGO,2024,544388.0
ITPC,13101,SANTIAGO,2025,552151.0
ITPC,13102,CERRILLOS,2017,87114.0
ITPC,13102,CERRILLOS,2018,87958.0
ITPC,13102,CERRILLOS,2019,88016.0
ITPC,13102,CERRILLOS,2020,88956.0
ITPC,13102,CERRILLOS,2021,89520.0
ITPC,13102,CERRILLOS,2022,89858.0
ITPC,13102,CERRILLOS,2023,90060.0
ITPC,13102,CERRILLOS,2024,90182.0
ITPC,13102,CERRILLOS,2025,90268.0
ITPC,13103,CERRO NAVIA,2017,158641.0
ITPC,13103,CERRO NAVIA,2018,158723.0
ITPC,13103,CERRO NAVIA,2019,141402.0
ITPC,13103,CERRO NAVIA,2020,142465.0
ITPC,13103,CERRO NAVIA,2021,142304.0
ITPC,13103,CERRO NAVIA,2022,141507.0
ITPC,13103,CERRO NAVIA,2023,140581.0
ITPC,13103,CERRO NAVIA,2024,139632.0
ITPC,13103,CERRO NAVIA,2025,138677.0
ITPC,13104,CONCHALÍ,2017,141225.0
ITPC,13104,CONCHALÍ,2018,141206.0
ITPC,13104,CONCHALÍ,2019,137162.0
ITPC,13104,CONCHALÍ,2020,139195.0
ITPC,13104,CONCHALÍ,2021,139394.0
ITPC,13104,CONCHALÍ,2022,138638.0
ITPC,13104,CONCHALÍ,2023,137678.0
ITPC,13104,CONCHALÍ,2024,136674.0
ITPC,13104,CONCHALÍ,2025,135654.0
ITPC,13105,EL BOSQUE,2017,195106.0
ITPC,13105,EL BOSQUE,2018,195555.0
ITPC,13105,EL BOSQUE,2019,171487.0
ITPC,13105,EL BOSQUE,2020,172000.0
ITPC,13105,EL BOSQUE,2021,171789.0
ITPC,13105,EL BOSQUE,2022,171201.0
ITPC,13105,EL BOSQUE,2023,170536.0
ITPC,13105,EL BOSQUE,2024,169855.0
ITPC,13105,EL BOSQUE,2025,169168.0
ITPC,13106,ESTACIÓN CENTRAL,2017,146477.0
ITPC,13106,ESTACIÓN CENTRAL,2018,147153.0
ITPC,13106,ESTACIÓN CENTRAL,2019,186426.0
ITPC,13106,ESTACIÓN CENTRAL,2020,206792.0
ITPC,13106,ESTACIÓN CENTRAL,2021,214470.0
ITPC,13106,ESTACIÓN CENTRAL,2022,217664.0
ITPC,13106,ESTACIÓN CENTRAL,2023,219897.0
ITPC,13106,ESTACIÓN CENTRAL,2024,221901.0
ITPC,13106,ESTACIÓN CENTRAL,2025,223849.0
ITPC,13107,HUECHURABA,2017,99019.0
ITPC,13107,HUECHURABA,2018,100554.0
ITPC,13107,HUECHURABA,2019,109630.0
ITPC,13107,HUECHURABA,2020,112528.0
ITPC,13107,HUECHURABA,2021,114453.0
ITPC,13107,HUECHURABA,2022,115858.0
ITPC,13107,HUECHURABA,2023,117121.0
ITPC,13107,HUECHURABA,2024,118327.0
ITPC,13107,HUECHURABA,2025,119487.0
ITPC,13108,INDEPENDENCIA,2017,85638.0
ITPC,13108,INDEPENDENCIA,2018,86929.0
ITPC,13108,INDEPENDENCIA,2019,129691.0
ITPC,13108,INDEPENDENCIA,2020,142065.0
ITPC,13108,INDEPENDENCIA,2021,147655.0
ITPC,13108,INDEPENDENCIA,2022,150074.0
ITPC,13108,INDEPENDENCIA,2023,151890.0
ITPC,13108,INDEPENDENCIA,2024,153624.0
ITPC,13108,INDEPENDENCIA,2025,155387.0
ITPC,13109,LA CISTERNA,2017,93057.0
ITPC,13109,LA CISTERNA,2018,93231.0
ITPC,13109,LA CISTERNA,2019,98790.0
ITPC,13109,LA CISTERNA,2020,100434.0
ITPC,13109,LA CISTERNA,2021,101126.0
ITPC,13109,LA CISTERNA,2022,101313.0
ITPC,13109,LA CISTERNA,2023,101377.0
ITPC,13109,LA CISTERNA,2024,101401.0
ITPC,13109,LA CISTERNA,2025,101398.0
ITPC,13110,LA FLORIDA,2017,389846.0
ITPC,13110,LA FLORIDA,2018,390164.0
ITPC,13110,LA FLORIDA,2019,396781.0
ITPC,13110,LA FLORIDA,2020,402433.0
ITPC,13110,LA FLORIDA,2021,405185.0
ITPC,13110,LA FLORIDA,2022,406229.0
ITPC,13110,LA FLORIDA,2023,406796.0
ITPC,13110,LA FLORIDA,2024,407297.0
ITPC,13110,LA FLORIDA,2025,407764.0
ITPC,13111,LA GRANJA,2017,143819.0
ITPC,13111,LA GRANJA,2018,144025.0
ITPC,13111,LA GRANJA,2019,122454.0
ITPC,13111,LA GRANJA,2020,122557.0
ITPC,13111,LA GRANJA,2021,122028.0
ITPC,13111,LA GRANJA,2022,121170.0
ITPC,13111,LA GRANJA,2023,120249.0
ITPC,13111,LA GRANJA,2024,119321.0
ITPC,13111,LA GRANJA,2025,118394.0
ITPC,13112,LA PINTANA,2017,214663.0
ITPC,13112,LA PINTANA,2018,215543.0
ITPC,13112,LA PINTANA,2019,188748.0
ITPC,13112,LA PINTANA,2020,189335.0
ITPC,13112,LA PINTANA,2021,189454.0
ITPC,13112,LA PINTANA,2022,189321.0
ITPC,13112,LA PINTANA,2023,189151.0
ITPC,13112,LA PINTANA,2024,188980.0
ITPC,13112,LA PINTANA,2025,188806.0
ITPC,13113,LA REINA,2017,101641.0
ITPC,13113,LA REINA,2018,101627.0
ITPC,13113,LA REINA,2019,99033.0
ITPC,13113,LA REINA,2020,100252.0
ITPC,13113,LA REINA,2021,100459.0
ITPC,13113,LA REINA,2022,100131.0
ITPC,13113,LA REINA,2023,99686.0
ITPC,13113,LA REINA,2024,99212.0
ITPC,13113,LA REINA,2025,98722.0
ITPC,13114,LAS CONDES,2017,286735.0
ITPC,13114,LAS CONDES,2018,288228.0
ITPC,13114,LAS CONDES,2019,323309.0
ITPC,13114,LAS CONDES,2020,330759.0
ITPC,13114,LAS CONDES,2021,335296.0
ITPC,13114,LAS CONDES,2022,338541.0
ITPC,13114,LAS CONDES,2023,341183.0
ITPC,13114,LAS CONDES,2024,343632.0
ITPC,13114,LAS CONDES,2025,345985.0
ITPC,13115,LO BARNECHEA,2017,108470.0
ITPC,13115,LO BARNECHEA,2018,110742.0
ITPC,13115,LO BARNECHEA,2019,119240.0
ITPC,13115,LO BARNECHEA,2020,124076.0
ITPC,13115,LO BARNECHEA,2021,126816.0
ITPC,13115,LO BARNECHEA,2022,128439.0
ITPC,13115,LO BARNECHEA,2023,129790.0
ITPC,13115,LO BARNECHEA,2024,131053.0
ITPC,13115,LO BARNECHEA,2025,132248.0
ITPC,13116,LO ESPEJO,2017,120218.0
ITPC,13116,LO ESPEJO,2018,120247.0
ITPC,13116,LO ESPEJO,2019,103643.0
ITPC,13116,LO ESPEJO,2020,103865.0
ITPC,13116,LO ESPEJO,2021,103381.0
ITPC,13116,LO ESPEJO,2022,102530.0
ITPC,13116,LO ESPEJO,2023,101615.0
ITPC,13116,LO ESPEJO,2024,100694.0
ITPC,13116,LO ESPEJO,2025,99774.0
ITPC,13117,LO PRADO,2017,113370.0
ITPC,13117,LO PRADO,2018,113539.0
ITPC,13117,LO PRADO,2019,103111.0
ITPC,13117,LO PRADO,2020,104403.0
ITPC,13117,LO PRADO,2021,104405.0
ITPC,13117,LO PRADO,2022,103732.0
ITPC,13117,LO PRADO,2023,102923.0
ITPC,13117,LO PRADO,2024,102078.0
ITPC,13117,LO PRADO,2025,101223.0
ITPC,13118,MACUL,2017,124905.0
ITPC,13118,MACUL,2018,125273.0
ITPC,13118,MACUL,2019,130467.0
ITPC,13118,MACUL,2020,134635.0
ITPC,13118,MACUL,2021,136278.0
ITPC,13118,MACUL,2022,137079.0
ITPC,13118,MACUL,2023,137735.0
ITPC,13118,MACUL,2024,138361.0
ITPC,13118,MACUL,2025,138951.0
ITPC,13119,MAIPÚ,2017,559123.0
ITPC,13119,MAIPÚ,2018,563499.0
ITPC,13119,MAIPÚ,2019,566664.0
ITPC,13119,MAIPÚ,2020,578605.0
ITPC,13119,MAIPÚ,2021,584053.0
ITPC,13119,MAIPÚ,2022,585684.0
ITPC,13119,MAIPÚ,2023,586337.0
ITPC,13119,MAIPÚ,2024,586812.0
ITPC,13119,MAIPÚ,2025,587189.0
ITPC,13120,ÑUÑOA,2017,229434.0
ITPC,13120,ÑUÑOA,2018,233739.0
ITPC,13120,ÑUÑOA,2019,240753.0
ITPC,13120,ÑUÑOA,2020,250192.0
ITPC,13120,ÑUÑOA,2021,255823.0
ITPC,13120,ÑUÑOA,2022,259712.0
ITPC,13120,ÑUÑOA,2023,263319.0
ITPC,13120,ÑUÑOA,2024,266906.0
ITPC,13120,ÑUÑOA,2025,270521.0
ITPC,13121,PEDRO AGUIRRE CERDA,2017,122579.0
ITPC,13121,PEDRO AGUIRRE CERDA,2018,122636.0
ITPC,13121,PEDRO AGUIRRE CERDA,2019,107205.0
ITPC,13121,PEDRO AGUIRRE CERDA,2020,107803.0
ITPC,13121,PEDRO AGUIRRE CERDA,2021,107409.0
ITPC,13121,PEDRO AGUIRRE CERDA,2022,106496.0
ITPC,13121,PEDRO AGUIRRE CERDA,2023,105483.0
ITPC,13121,PEDRO AGUIRRE CERDA,2024,104462.0
ITPC,13121,PEDRO AGUIRRE CERDA,2025,103434.0
ITPC,13122,PEÑALOLÉN,2017,244800.0
ITPC,13122,PEÑALOLÉN,2018,245621.0
ITPC,13122,PEÑALOLÉN,2019,262268.0
ITPC,13122,PEÑALOLÉN,2020,266798.0
ITPC,13122,PEÑALOLÉN,2021,269296.0
ITPC,13122,PEÑALOLÉN,2022,270707.0
ITPC,13122,PEÑALOLÉN,2023,271854.0
ITPC,13122,PEÑALOLÉN,2024,272913.0
ITPC,13122,PEÑALOLÉN,2025,273909.0
ITPC,13123,PROVIDENCIA,2017,150742.0
ITPC,13123,PROVIDENCIA,2018,152268.0
ITPC,13123,PROVIDENCIA,2019,154446.0
ITPC,13123,PROVIDENCIA,2020,157749.0
ITPC,13123,PROVIDENCIA,2021,160043.0
ITPC,13123,PROVIDENCIA,2022,161568.0
ITPC,13123,PROVIDENCIA,2023,162837.0
ITPC,13123,PROVIDENCIA,2024,164009.0
ITPC,13123,PROVIDENCIA,2025,165134.0
ITPC,13124,PUDAHUEL,2017,237938.0
ITPC,13124,PUDAHUEL,2018,240165.0
ITPC,13124,PUDAHUEL,2019,248347.0
ITPC,13124,PUDAHUEL,2020,253139.0
ITPC,13124,PUDAHUEL,2021,256607.0
ITPC,13124,PUDAHUEL,2022,258535.0
ITPC,13124,PUDAHUEL,2023,260129.0
ITPC,13124,PUDAHUEL,2024,261596.0
ITPC,13124,PUDAHUEL,2025,262943.0
ITPC,13125,QUILICURA,2017,224468.0
ITPC,13125,QUILICURA,2018,232263.0
ITPC,13125,QUILICURA,2019,243112.0
ITPC,13125,QUILICURA,2020,254694.0
ITPC,13125,QUILICURA,2021,261993.0
ITPC,13125,QUILICURA,2022,266818.0
ITPC,13125,QUILICURA,2023,271385.0
ITPC,13125,QUILICURA,2024,275744.0
ITPC,13125,QUILICURA,2025,279737.0
ITPC,13126,QUINTA NORMAL,2017,116217.0
ITPC,13126,QUINTA NORMAL,2018,116816.0
ITPC,13126,QUINTA NORMAL,2019,130284.0
ITPC,13126,QUINTA NORMAL,2020,136368.0
ITPC,13126,QUINTA NORMAL,2021,138904.0
ITPC,13126,QUINTA NORMAL,2022,140055.0
ITPC,13126,QUINTA NORMAL,2023,140964.0
ITPC,13126,QUINTA NORMAL,2024,141823.0
ITPC,13126,QUINTA NORMAL,2025,142670.0
ITPC,13127,RECOLETA,2017,170326.0
ITPC,13127,RECOLETA,2018,171223.0
ITPC,13127,RECOLETA,2019,182088.0
ITPC,13127,RECOLETA,2020,190075.0
ITPC,13127,RECOLETA,2021,193605.0
ITPC,13127,RECOLETA,2022,195185.0
ITPC,13127,RECOLETA,2023,196073.0
ITPC,13127,RECOLETA,2024,196856.0
ITPC,13127,RECOLETA,2025,197824.0
ITPC,13128,RENCA,2017,153266.0
ITPC,13128,RENCA,2018,154059.0
ITPC,13128,RENCA,2019,158717.0
ITPC,13128,RENCA,2020,160847.0
ITPC,13128,RENCA,2021,161959.0
ITPC,13128,RENCA,2022,162517.0
ITPC,13128,RENCA,2023,162854.0
ITPC,13128,RENCA,2024,163102.0
ITPC,13128,RENCA,2025,163267.0
ITPC,13129,SAN JOAQUÍN,2017,104837.0
ITPC,13129,SAN JOAQUÍN,2018,105054.0
ITPC,13129,SAN JOAQUÍN,2019,102027.0
ITPC,13129,SAN JOAQUÍN,2020,103485.0
ITPC,13129,SAN JOAQUÍN,2021,103871.0
ITPC,13129,SAN JOAQUÍN,2022,103704.0
ITPC,13129,SAN JOAQUÍN,2023,103420.0
ITPC,13129,SAN JOAQUÍN,2024,103118.0
ITPC,13129,SAN JOAQUÍN,2025,102811.0
ITPC,13130,SAN MIGUEL,2017,115158.0
ITPC,13130,SAN MIGUEL,2018,117619.0
ITPC,13130,SAN MIGUEL,2019,126088.0
ITPC,13130,SAN MIGUEL,2020,133059.0
ITPC,13130,SAN MIGUEL,2021,136835.0
ITPC,13130,SAN MIGUEL,2022,139729.0
ITPC,13130,SAN MIGUEL,2023,142549.0
ITPC,13130,SAN MIGUEL,2024,145424.0
ITPC,13130,SAN MIGUEL,2025,148387.0
ITPC,13131,SAN RAMÓN,2017,99940.0
ITPC,13131,SAN RAMÓN,2018,100002.0
ITPC,13131,SAN RAMÓN,2019,86521.0
ITPC,13131,SAN RAMÓN,2020,86510.0
ITPC,13131,SAN RAMÓN,2021,86017.0
ITPC,13131,SAN RAMÓN,2022,85274.0
ITPC,13131,SAN RAMÓN,2023,84495.0
ITPC,13131,SAN RAMÓN,2024,83695.0
ITPC,13131,SAN RAMÓN,2025,82919.0
ITPC,13132,VITACURA,2017,88739.0
ITPC,13132,VITACURA,2018,88892.0
ITPC,13132,VITACURA,2019,94020.0
ITPC,13132,VITACURA,2020,96774.0
ITPC,13132,VITACURA,2021,97695.0
ITPC,13132,VITACURA,2022,97651.0
ITPC,13132,VITACURA,2023,97388.0
ITPC,13132,VITACURA,2024,97049.0
ITPC,13132,VITACURA,2025,96671.0
ITPC,13201,PUENTE ALTO,2017,625553.0
ITPC,13201,PUENTE ALTO,2018,633021.0
ITPC,13201,PUENTE ALTO,2019,629743.0
ITPC,13201,PUENTE ALTO,2020,645909.0
ITPC,13201,PUENTE ALTO,2021,655033.0
ITPC,13201,PUENTE ALTO,2022,660361.0
ITPC,13201,PUENTE ALTO,2023,664370.0
ITPC,13201,PUENTE ALTO,2024,667904.0
ITPC,13201,PUENTE ALTO,2025,671142.0
ITPC,13202,PIRQUE,2017,22805.0
ITPC,13202,PIRQUE,2018,23194.0
ITPC,13202,PIRQUE,2019,29616.0
ITPC,13202,PIRQUE,2020,30433.0
ITPC,13202,PIRQUE,2021,31134.0
ITPC,13202,PIRQUE,2022,31787.0
ITPC,13202,PIRQUE,2023,32412.0
ITPC,13202,PIRQUE,2024,33021.0
ITPC,13202,PIRQUE,2025,33617.0
ITPC,13203,SAN JOSÉ DE MAIPO,2017,15147.0
ITPC,13203,SAN JOSÉ DE MAIPO,2018,15209.0
ITPC,13203,SAN JOSÉ DE MAIPO,2019,18275.0
ITPC,13203,SAN JOSÉ DE MAIPO,2020,18644.0
ITPC,13203,SAN JOSÉ DE MAIPO,2021,18917.0
ITPC,13203,SAN JOSÉ DE MAIPO,2022,19131.0
ITPC,13203,SAN JOSÉ DE MAIPO,2023,19330.0
ITPC,13203,SAN JOSÉ DE MAIPO,2024,19519.0
ITPC,13203,SAN JOSÉ DE MAIPO,2025,19700.0
ITPC,13301,COLINA,2017,128760.0
ITPC,13301,COLINA,2018,132607.0
ITPC,13301,COLINA,2019,173119.0
ITPC,13301,COLINA,2020,180353.0
ITPC,13301,COLINA,2021,185599.0
ITPC,13301,COLINA,2022,189757.0
ITPC,13301,COLINA,2023,193594.0
ITPC,13301,COLINA,2024,197370.0
ITPC,13301,COLINA,2025,201012.0
ITPC,13302,LAMPA,2017,97124.0
ITPC,13302,LAMPA,2018,102571.0
ITPC,13302,LAMPA,2019,121528.0
ITPC,13302,LAMPA,2020,126898.0
ITPC,13302,LAMPA,2021,131436.0
ITPC,13302,LAMPA,2022,135461.0
ITPC,13302,LAMPA,2023,139266.0
ITPC,13302,LAMPA,2024,143032.0
ITPC,13302,LAMPA,2025,146646.0
ITPC,13303,TILTIL,2017,17940.0
ITPC,13303,TILTIL,2018,18104.0
ITPC,13303,TILTIL,2019,21066.0
ITPC,13303,TILTIL,2020,21477.0
ITPC,13303,TILTIL,2021,21783.0
ITPC,13303,TILTIL,2022,22033.0
ITPC,13303,TILTIL,2023,22262.0
ITPC,13303,TILTIL,2024,22482.0
ITPC,13303,TILTIL,2025,22695.0
ITPC,13401,SAN BERNARDO,2017,303520.0
ITPC,13401,SAN BERNARDO,2018,306505.0
ITPC,13401,SAN BERNARDO,2019,329121.0
ITPC,13401,SAN BERNARDO,2020,334836.0
ITPC,13401,SAN BERNARDO,2021,339043.0
ITPC,13401,SAN BERNARDO,2022,342411.0
ITPC,13401,SAN BERNARDO,2023,345583.0
ITPC,13401,SAN BERNARDO,2024,348640.0
ITPC,13401,SAN BERNARDO,2025,351625.0
ITPC,13402,BUIN,2017,86079.0
ITPC,13402,BUIN,2018,87491.0
ITPC,13402,BUIN,2019,106986.0
ITPC,13402,BUIN,2020,109641.0
ITPC,13402,BUIN,2021,111934.0
ITPC,13402,BUIN,2022,114028.0
ITPC,13402,BUIN,2023,116032.0
ITPC,13402,BUIN,2024,117982.0
ITPC,13402,BUIN,2025,119885.0
ITPC,13403,CALERA DE TANGO,2017,25528.0
ITPC,13403,CALERA DE TANGO,2018,26007.0
ITPC,13403,CALERA DE TANGO,2019,27913.0
ITPC,13403,CALERA DE TANGO,2020,28525.0
ITPC,13403,CALERA DE TANGO,2021,29019.0
ITPC,13403,CALERA DE TANGO,2022,29470.0
ITPC,13403,CALERA DE TANGO,2023,29880.0
ITPC,13403,CALERA DE TANGO,2024,30283.0
ITPC,13403,CALERA DE TANGO,2025,30678.0
ITPC,13404,PAINE,2017,69351.0
ITPC,13404,PAINE,2018,70591.0
ITPC,13404,PAINE,2019,80711.0
ITPC,13404,PAINE,2020,82766.0
ITPC,13404,PAINE,2021,84379.0
ITPC,13404,PAINE,2022,85759.0
ITPC,13404,PAINE,2023,87059.0
ITPC,13404,PAINE,2024,88317.0
ITPC,13404,PAINE,2025,89543.0
ITPC,13501,MELIPILLA,2017,119580.0
ITPC,13501,MELIPILLA,2018,120972.0
ITPC,13501,MELIPILLA,2019,138793.0
ITPC,13501,MELIPILLA,2020,141612.0
ITPC,13501,MELIPILLA,2021,143779.0
ITPC,13501,MELIPILLA,2022,145583.0
ITPC,13501,MELIPILLA,2023,147275.0
ITPC,13501,MELIPILLA,2024,148899.0
ITPC,13501,MELIPILLA,2025,150466.0
ITPC,13502,ALHUÉ,2017,5916.0
ITPC,13502,ALHUÉ,2018,6002.0
ITPC,13502,ALHUÉ,2019,7214.0
ITPC,13502,ALHUÉ,2020,7405.0
ITPC,13502,ALHUÉ,2021,7536.0
ITPC,13502,ALHUÉ,2022,7649.0
ITPC,13502,ALHUÉ,2023,7756.0
ITPC,13502,ALHUÉ,2024,7856.0
ITPC,13502,ALHUÉ,2025,7954.0
ITPC,13503,CURACAVÍ,2017,30319.0
ITPC,13503,CURACAVÍ,2018,30651.0
ITPC,13503,CURACAVÍ,2019,35720.0
ITPC,13503,CURACAVÍ,2020,36430.0
ITPC,13503,CURACAVÍ,2021,36991.0
ITPC,13503,CURACAVÍ,2022,37479.0
ITPC,13503,CURACAVÍ,2023,37932.0
ITPC,13503,CURACAVÍ,2024,38367.0
ITPC,13503,CURACAVÍ,2025,38803.0
ITPC,13504,MARÍA PINTO,2017,13238.0
ITPC,13504,MARÍA PINTO,2018,13406.0
ITPC,13504,MARÍA PINTO,2019,14708.0
ITPC,13504,MARÍA PINTO,2020,14926.0
ITPC,13504,MARÍA PINTO,2021,15132.0
ITPC,13504,MARÍA PINTO,2022,15323.0
ITPC,13504,MARÍA PINTO,2023,15503.0
ITPC,13504,MARÍA PINTO,2024,15669.0
ITPC,13504,MARÍA PINTO,2025,15838.0
ITPC,13505,SAN PEDRO,2017,9907.0
ITPC,13505,SAN PEDRO,2018,10051.0
ITPC,13505,SAN PEDRO,2019,11706.0
ITPC,13505,SAN PEDRO,2020,11953.0
ITPC,13505,SAN PEDRO,2021,12132.0
ITPC,13505,SAN PEDRO,2022,12274.0
ITPC,13505,SAN PEDRO,2023,12412.0
ITPC,13505,SAN PEDRO,2024,12544.0
ITPC,13505,SAN PEDRO,2025,12669.0
ITPC,13601,TALAGANTE,2017,72006.0
ITPC,13601,TALAGANTE,2018,72600.0
ITPC,13601,TALAGANTE,2019,80489.0
ITPC,13601,TALAGANTE,2020,81838.0
ITPC,13601,TALAGANTE,2021,82900.0
ITPC,13601,TALAGANTE,2022,83814.0
ITPC,13601,TALAGANTE,2023,84670.0
ITPC,13601,TALAGANTE,2024,85514.0
ITPC,13601,TALAGANTE,2025,86348.0
ITPC,13602,EL MONTE,2017,37061.0
ITPC,13602,EL MONTE,2018,37754.0
ITPC,13602,EL MONTE,2019,39296.0
ITPC,13602,EL MONTE,2020,40014.0
ITPC,13602,EL MONTE,2021,40620.0
ITPC,13602,EL MONTE,2022,41179.0
ITPC,13602,EL MONTE,2023,41711.0
ITPC,13602,EL MONTE,2024,42233.0
ITPC,13602,EL MONTE,2025,42723.0
ITPC,13603,ISLA DE MAIPO,2017,36747.0
ITPC,13603,ISLA DE MAIPO,2018,37473.0
ITPC,13603,ISLA DE MAIPO,2019,39433.0
ITPC,13603,ISLA DE MAIPO,2020,40171.0
ITPC,13603,ISLA DE MAIPO,2021,40803.0
ITPC,13603,ISLA DE MAIPO,2022,41354.0
ITPC,13603,ISLA DE MAIPO,2023,41876.0
ITPC,13603,ISLA DE MAIPO,2024,42393.0
ITPC,13603,ISLA DE MAIPO,2025,42887.0
ITPC,13604,PADRE HURTADO,2017,58675.0
ITPC,13604,PADRE HURTADO,2018,60088.0
ITPC,13604,PADRE HURTADO,2019,71852.0
ITPC,13604,PADRE HURTADO,2020,74188.0
ITPC,13604,PADRE HURTADO,2021,76219.0
ITPC,13604,PADRE HURTADO,2022,78091.0
ITPC,13604,PADRE HURTADO,2023,79925.0
ITPC,13604,PADRE HURTADO,2024,81743.0
ITPC,13604,PADRE HURTADO,2025,83549.0
ITPC,13605,PEÑAFLOR,2017,93397.0
ITPC,13605,PEÑAFLOR,2018,95138.0
ITPC,13605,PEÑAFLOR,2019,99142.0
ITPC,13605,PEÑAFLOR,2020,101058.0
ITPC,13605,PEÑAFLOR,2021,102667.0
ITPC,13605,PEÑAFLOR,2022,104106.0
ITPC,13605,PEÑAFLOR,2023,105498.0
ITPC,13605,PEÑAFLOR,2024,106840.0
ITPC,13605,PEÑAFLOR,2025,108142.0
